[debug] [2026-06-17T20:14:50.459Z] ----------------------------------------------------------------------
[debug] [2026-06-17T20:14:50.464Z] Command:       C:\Program Files\nodejs\node.exe C:\Users\iamji\AppData\Roaming\npm\node_modules\firebase-tools\lib\bin\firebase.js deploy --only firestore:rules
[debug] [2026-06-17T20:14:50.464Z] CLI Version:   15.19.1
[debug] [2026-06-17T20:14:50.464Z] Platform:      win32
[debug] [2026-06-17T20:14:50.465Z] Node Version:  v22.11.0
[debug] [2026-06-17T20:14:50.465Z] Time:          Thu Jun 18 2026 02:14:50 GMT+0600 (Bangladesh Standard Time)
[debug] [2026-06-17T20:14:50.465Z] ----------------------------------------------------------------------
[debug] 
[debug] [2026-06-17T20:14:50.469Z] >>> [apiv2][query] GET https://firebase-public.firebaseio.com/cli.json [none]
[debug] [2026-06-17T20:14:55.568Z] > command requires scopes: ["email","openid","https://www.googleapis.com/auth/cloudplatformprojects.readonly","https://www.googleapis.com/auth/firebase","https://www.googleapis.com/auth/cloud-platform"]
[debug] [2026-06-17T20:14:55.569Z] > authorizing via signed-in user (arianmd29@gmail.com)
[debug] [2026-06-17T20:14:55.569Z] [iam] checking project amar-churighor for permissions ["datastore.indexes.create","datastore.indexes.delete","datastore.indexes.list","datastore.indexes.update","firebase.projects.get"]
[debug] [2026-06-17T20:14:55.571Z] Checked if tokens are valid: false, expires at: 1781206594619
[debug] [2026-06-17T20:14:55.571Z] Checked if tokens are valid: false, expires at: 1781206594619
[debug] [2026-06-17T20:14:55.572Z] > refreshing access token with scopes: []
[debug] [2026-06-17T20:14:55.575Z] >>> [apiv2][query] POST https://www.googleapis.com/oauth2/v3/token [none]
[debug] [2026-06-17T20:14:55.575Z] >>> [apiv2][body] POST https://www.googleapis.com/oauth2/v3/token [omitted]
[debug] [2026-06-17T20:14:59.525Z] <<< [apiv2][status] POST https://www.googleapis.com/oauth2/v3/token 200
[debug] [2026-06-17T20:14:59.525Z] <<< [apiv2][body] POST https://www.googleapis.com/oauth2/v3/token [omitted]
[debug] [2026-06-17T20:14:59.542Z] >>> [apiv2][query] POST https://cloudresourcemanager.googleapis.com/v1/projects/amar-churighor:testIamPermissions [none]
[debug] [2026-06-17T20:14:59.542Z] >>> [apiv2][(partial)header] POST https://cloudresourcemanager.googleapis.com/v1/projects/amar-churighor:testIamPermissions  x-goog-user-project=amar-churighor
[debug] [2026-06-17T20:14:59.542Z] >>> [apiv2][body] POST https://cloudresourcemanager.googleapis.com/v1/projects/amar-churighor:testIamPermissions {"permissions":["datastore.indexes.create","datastore.indexes.delete","datastore.indexes.list","datastore.indexes.update","firebase.projects.get"]}
[debug] [2026-06-17T20:14:59.711Z] <<< [apiv2][status] GET https://firebase-public.firebaseio.com/cli.json 200
[debug] [2026-06-17T20:14:59.711Z] <<< [apiv2][body] GET https://firebase-public.firebaseio.com/cli.json {"cloudBuildErrorAfter":1594252800000,"cloudBuildWarnAfter":1590019200000,"defaultNode10After":1594252800000,"minVersion":"3.0.5","node8DeploysDisabledAfter":1613390400000,"node8RuntimeDisabledAfter":1615809600000,"node8WarnAfter":1600128000000}
[debug] [2026-06-17T20:15:01.094Z] <<< [apiv2][status] POST https://cloudresourcemanager.googleapis.com/v1/projects/amar-churighor:testIamPermissions 200
[debug] [2026-06-17T20:15:01.094Z] <<< [apiv2][body] POST https://cloudresourcemanager.googleapis.com/v1/projects/amar-churighor:testIamPermissions {"permissions":["datastore.indexes.create","datastore.indexes.delete","datastore.indexes.list","datastore.indexes.update","firebase.projects.get"]}
[info] 
[info] === Deploying to 'amar-churighor'...
[info] 
[info] i  deploying firestore 
[info] i  firestore: ensuring required API firestore.googleapis.com is enabled... 
[info] i  firestore: ensuring required API firestore.googleapis.com is enabled... 
[debug] [2026-06-17T20:15:01.099Z] Checked if tokens are valid: true, expires at: 1781730898526
[debug] [2026-06-17T20:15:01.099Z] Checked if tokens are valid: true, expires at: 1781730898526
[debug] [2026-06-17T20:15:01.100Z] >>> [apiv2][query] GET https://firestore.googleapis.com/v1/projects/amar-churighor/databases/(default) [none]
[debug] [2026-06-17T20:15:02.902Z] <<< [apiv2][status] GET https://firestore.googleapis.com/v1/projects/amar-churighor/databases/(default) 200
[debug] [2026-06-17T20:15:02.902Z] <<< [apiv2][body] GET https://firestore.googleapis.com/v1/projects/amar-churighor/databases/(default) {"name":"projects/amar-churighor/databases/(default)","uid":"d9706251-02f4-40a1-8f39-6611e76a17d9","createTime":"2026-04-16T06:06:47.481404Z","updateTime":"2026-04-16T06:06:47.481404Z","locationId":"nam5","type":"FIRESTORE_NATIVE","concurrencyMode":"PESSIMISTIC","versionRetentionPeriod":"3600s","earliestVersionTime":"2026-06-17T19:15:02.817027Z","appEngineIntegrationMode":"DISABLED","keyPrefix":"s","pointInTimeRecoveryEnablement":"POINT_IN_TIME_RECOVERY_DISABLED","deleteProtectionState":"DELETE_PROTECTION_DISABLED","databaseEdition":"STANDARD","freeTier":true,"realtimeUpdatesMode":"REALTIME_UPDATES_MODE_ENABLED","etag":"INCl4reLj5UDMPDbgunj9JQD"}
[info] i  firestore: reading indexes from firestore.indexes.json... 
[info] i  cloud.firestore: checking firestore.rules for compilation errors... 
[debug] [2026-06-17T20:15:03.011Z] Checked if tokens are valid: true, expires at: 1781730898526
[debug] [2026-06-17T20:15:03.011Z] Checked if tokens are valid: true, expires at: 1781730898526
[debug] [2026-06-17T20:15:03.011Z] >>> [apiv2][query] POST https://firebaserules.googleapis.com/v1/projects/amar-churighor:test [none]
[debug] [2026-06-17T20:15:03.012Z] >>> [apiv2][body] POST https://firebaserules.googleapis.com/v1/projects/amar-churighor:test [omitted]
[debug] [2026-06-17T20:15:04.551Z] <<< [apiv2][status] POST https://firebaserules.googleapis.com/v1/projects/amar-churighor:test 200
[debug] [2026-06-17T20:15:04.551Z] <<< [apiv2][body] POST https://firebaserules.googleapis.com/v1/projects/amar-churighor:test {"issues":[{"sourcePosition":{"fileName":"firestore.rules","line":231,"column":1,"currentOffset":7141,"endOffset":7153},"description":"Unexpected 'rules_version'.","severity":"ERROR"}]}
[error] 
[error] Error: Compilation error in firestore.rules:
[E] 231:1 - Unexpected 'rules_version'.
[debug] [2026-06-17T20:22:31.675Z] ----------------------------------------------------------------------
[debug] [2026-06-17T20:22:31.680Z] Command:       C:\Program Files\nodejs\node.exe C:\Users\iamji\AppData\Roaming\npm\node_modules\firebase-tools\lib\bin\firebase.js deploy --only firestore:rules
[debug] [2026-06-17T20:22:31.680Z] CLI Version:   15.19.1
[debug] [2026-06-17T20:22:31.680Z] Platform:      win32
[debug] [2026-06-17T20:22:31.681Z] Node Version:  v22.11.0
[debug] [2026-06-17T20:22:31.681Z] Time:          Thu Jun 18 2026 02:22:31 GMT+0600 (Bangladesh Standard Time)
[debug] [2026-06-17T20:22:31.681Z] ----------------------------------------------------------------------
[debug] 
[debug] [2026-06-17T20:22:34.870Z] > command requires scopes: ["email","openid","https://www.googleapis.com/auth/cloudplatformprojects.readonly","https://www.googleapis.com/auth/firebase","https://www.googleapis.com/auth/cloud-platform"]
[debug] [2026-06-17T20:22:34.871Z] > authorizing via signed-in user (arianmd29@gmail.com)
[debug] [2026-06-17T20:22:34.871Z] [iam] checking project amar-churighor for permissions ["datastore.indexes.create","datastore.indexes.delete","datastore.indexes.list","datastore.indexes.update","firebase.projects.get"]
[debug] [2026-06-17T20:22:34.873Z] Checked if tokens are valid: true, expires at: 1781730898526
[debug] [2026-06-17T20:22:34.873Z] Checked if tokens are valid: true, expires at: 1781730898526
[debug] [2026-06-17T20:22:34.876Z] >>> [apiv2][query] POST https://cloudresourcemanager.googleapis.com/v1/projects/amar-churighor:testIamPermissions [none]
[debug] [2026-06-17T20:22:34.876Z] >>> [apiv2][(partial)header] POST https://cloudresourcemanager.googleapis.com/v1/projects/amar-churighor:testIamPermissions  x-goog-user-project=amar-churighor
[debug] [2026-06-17T20:22:34.876Z] >>> [apiv2][body] POST https://cloudresourcemanager.googleapis.com/v1/projects/amar-churighor:testIamPermissions {"permissions":["datastore.indexes.create","datastore.indexes.delete","datastore.indexes.list","datastore.indexes.update","firebase.projects.get"]}
[debug] [2026-06-17T20:22:36.502Z] <<< [apiv2][status] POST https://cloudresourcemanager.googleapis.com/v1/projects/amar-churighor:testIamPermissions 200
[debug] [2026-06-17T20:22:36.503Z] <<< [apiv2][body] POST https://cloudresourcemanager.googleapis.com/v1/projects/amar-churighor:testIamPermissions {"permissions":["datastore.indexes.create","datastore.indexes.delete","datastore.indexes.list","datastore.indexes.update","firebase.projects.get"]}
[info] 
[info] === Deploying to 'amar-churighor'...
[info] 
[info] i  deploying firestore 
[info] i  firestore: ensuring required API firestore.googleapis.com is enabled... 
[info] i  firestore: ensuring required API firestore.googleapis.com is enabled... 
[debug] [2026-06-17T20:22:36.508Z] Checked if tokens are valid: true, expires at: 1781730898526
[debug] [2026-06-17T20:22:36.509Z] Checked if tokens are valid: true, expires at: 1781730898526
[debug] [2026-06-17T20:22:36.509Z] >>> [apiv2][query] GET https://firestore.googleapis.com/v1/projects/amar-churighor/databases/(default) [none]
[debug] [2026-06-17T20:22:38.315Z] <<< [apiv2][status] GET https://firestore.googleapis.com/v1/projects/amar-churighor/databases/(default) 200
[debug] [2026-06-17T20:22:38.315Z] <<< [apiv2][body] GET https://firestore.googleapis.com/v1/projects/amar-churighor/databases/(default) {"name":"projects/amar-churighor/databases/(default)","uid":"d9706251-02f4-40a1-8f39-6611e76a17d9","createTime":"2026-04-16T06:06:47.481404Z","updateTime":"2026-04-16T06:06:47.481404Z","locationId":"nam5","type":"FIRESTORE_NATIVE","concurrencyMode":"PESSIMISTIC","versionRetentionPeriod":"3600s","earliestVersionTime":"2026-06-17T19:22:38.238972Z","appEngineIntegrationMode":"DISABLED","keyPrefix":"s","pointInTimeRecoveryEnablement":"POINT_IN_TIME_RECOVERY_DISABLED","deleteProtectionState":"DELETE_PROTECTION_DISABLED","databaseEdition":"STANDARD","freeTier":true,"realtimeUpdatesMode":"REALTIME_UPDATES_MODE_ENABLED","etag":"II2D95CNj5UDMPDbgunj9JQD"}
[info] i  firestore: reading indexes from firestore.indexes.json... 
[info] i  cloud.firestore: checking firestore.rules for compilation errors... 
[debug] [2026-06-17T20:22:38.318Z] Checked if tokens are valid: true, expires at: 1781730898526
[debug] [2026-06-17T20:22:38.318Z] Checked if tokens are valid: true, expires at: 1781730898526
[debug] [2026-06-17T20:22:38.318Z] >>> [apiv2][query] POST https://firebaserules.googleapis.com/v1/projects/amar-churighor:test [none]
[debug] [2026-06-17T20:22:38.319Z] >>> [apiv2][body] POST https://firebaserules.googleapis.com/v1/projects/amar-churighor:test [omitted]
[debug] [2026-06-17T20:22:39.964Z] <<< [apiv2][status] POST https://firebaserules.googleapis.com/v1/projects/amar-churighor:test 200
[debug] [2026-06-17T20:22:39.964Z] <<< [apiv2][body] POST https://firebaserules.googleapis.com/v1/projects/amar-churighor:test {}
[info] +  cloud.firestore: rules file firestore.rules compiled successfully 
[debug] [2026-06-17T20:22:39.966Z] Checked if tokens are valid: true, expires at: 1781730898526
[debug] [2026-06-17T20:22:39.966Z] Checked if tokens are valid: true, expires at: 1781730898526
[debug] [2026-06-17T20:22:39.966Z] >>> [apiv2][query] GET https://firebaserules.googleapis.com/v1/projects/amar-churighor/releases pageSize=10&pageToken=
[debug] [2026-06-17T20:22:40.756Z] <<< [apiv2][status] GET https://firebaserules.googleapis.com/v1/projects/amar-churighor/releases 200
[debug] [2026-06-17T20:22:40.756Z] <<< [apiv2][body] GET https://firebaserules.googleapis.com/v1/projects/amar-churighor/releases {"releases":[{"name":"projects/amar-churighor/releases/cloud.firestore","rulesetName":"projects/amar-churighor/rulesets/ab47a6f2-89c3-45ae-b54c-2e419d32374a","createTime":"2026-04-16T06:06:53.419068Z","updateTime":"2026-06-13T18:48:56.544272Z"}]}
[debug] [2026-06-17T20:22:40.757Z] Checked if tokens are valid: true, expires at: 1781730898526
[debug] [2026-06-17T20:22:40.757Z] Checked if tokens are valid: true, expires at: 1781730898526
[debug] [2026-06-17T20:22:40.757Z] >>> [apiv2][query] GET https://firebaserules.googleapis.com/v1/projects/amar-churighor/rulesets/ab47a6f2-89c3-45ae-b54c-2e419d32374a [none]
[debug] [2026-06-17T20:22:42.254Z] <<< [apiv2][status] GET https://firebaserules.googleapis.com/v1/projects/amar-churighor/rulesets/ab47a6f2-89c3-45ae-b54c-2e419d32374a 200
[debug] [2026-06-17T20:22:42.254Z] <<< [apiv2][body] GET https://firebaserules.googleapis.com/v1/projects/amar-churighor/rulesets/ab47a6f2-89c3-45ae-b54c-2e419d32374a [omitted]
[info] i  firestore: uploading rules firestore.rules... 
[debug] [2026-06-17T20:22:42.256Z] Checked if tokens are valid: true, expires at: 1781730898526
[debug] [2026-06-17T20:22:42.256Z] Checked if tokens are valid: true, expires at: 1781730898526
[debug] [2026-06-17T20:22:42.256Z] >>> [apiv2][query] POST https://firebaserules.googleapis.com/v1/projects/amar-churighor/rulesets [none]
[debug] [2026-06-17T20:22:42.256Z] >>> [apiv2][body] POST https://firebaserules.googleapis.com/v1/projects/amar-churighor/rulesets [omitted]
[debug] [2026-06-17T20:22:43.657Z] <<< [apiv2][status] POST https://firebaserules.googleapis.com/v1/projects/amar-churighor/rulesets 200
[debug] [2026-06-17T20:22:43.657Z] <<< [apiv2][body] POST https://firebaserules.googleapis.com/v1/projects/amar-churighor/rulesets {"name":"projects/amar-churighor/rulesets/ca81a6ee-fe3c-477f-9a0b-d05d2f65318d","source":{"files":[{"content":"rules_version = '2';\n\nservice cloud.firestore {\n  match /databases/{database}/documents {\n\n    // =====================================================\n    // CORE HELPERS\n    // =====================================================\n\n    function isSignedIn() {\n      return request.auth != null;\n    }\n\n    function userDoc() {\n      return get(/databases/$(database)/documents/admins/$(request.auth.uid));\n    }\n\n    function userExists() {\n      return isSignedIn() &&\n        exists(/databases/$(database)/documents/admins/$(request.auth.uid));\n    }\n\n    function isSuspended() {\n      return userExists() &&\n        userDoc().data.isSuspended == true;\n    }\n\n    function getRole() {\n      return userExists() ? userDoc().data.role : null;\n    }\n\n    function isSuperAdmin() {\n      return isSignedIn() &&\n        userExists() &&\n        !isSuspended() &&\n        getRole() == \"super_admin\";\n    }\n\n    function isAdmin() {\n      return isSignedIn() &&\n        userExists() &&\n        !isSuspended() &&\n        getRole() == \"admin\";\n    }\n\n    function isAdminOrSuperAdmin() {\n      return isAdmin() || isSuperAdmin();\n    }\n\n    // =====================================================\n    // PRODUCTS\n    // =====================================================\n\n    match /products/{productId} {\n      allow read: if true;\n      allow create, update, delete: if isAdminOrSuperAdmin();\n    }\n\n    // =====================================================\n    // CATEGORIES\n    // =====================================================\n\n    match /categories/{categoryId} {\n      allow read: if true;\n      allow create, update, delete: if isAdminOrSuperAdmin();\n    }\n\n    // =====================================================\n    // ORDERS\n    // =====================================================\n\n    match /orders/{orderId} {\n      allow create: if true;\n      allow read: if isAdminOrSuperAdmin() || (\n        request.query.trackingToken != null &&\n        resource.data.trackingToken == request.query.trackingToken\n      );\n      allow update, delete: if isAdminOrSuperAdmin();\n    }\n\n    // =====================================================\n    // HERO SLIDES\n    // =====================================================\n\n    match /hero_slides/{slideId} {\n      allow read: if true;\n      allow create, update, delete: if isAdminOrSuperAdmin();\n    }\n\n    // =====================================================\n    // FAQS\n    // =====================================================\n\n    match /faqs/{faqId} {\n      allow read: if true;\n      allow create, update, delete: if isAdminOrSuperAdmin();\n    }\n\n    // =====================================================\n    // REVIEWS\n    // =====================================================\n\n    match /reviews/{reviewId} {\n      allow read: if true;\n      allow create, update, delete: if isAdminOrSuperAdmin();\n    }\n\n    // =====================================================\n    // SECTION CONFIG (homepage section settings)\n    // =====================================================\n\n    match /section_config/{docId} {\n      allow read: if true;\n      allow create, update, delete: if isAdminOrSuperAdmin();\n    }\n\n    // =====================================================\n    // CAMPAIGNS (offer campaigns & promotions)\n    //   Public read - anyone can see active campaigns\n    //   Admin write - only admins can manage campaigns\n    // =====================================================\n\n    match /campaigns/{campaignId} {\n      allow read: if true;\n      allow create, update, delete: if isAdminOrSuperAdmin();\n    }\n\n    // =====================================================\n    // SETTINGS\n    // =====================================================\n\n    match /settings/{settingId} {\n      allow read: if true;\n      allow create, update, delete: if isAdminOrSuperAdmin();\n    }\n\n    // =====================================================\n    // ADMIN MANAGEMENT\n    // =====================================================\n\n    match /admins/{adminId} {\n      // Any signed-in user reads their OWN doc (for role check on login)\n      allow read: if isSignedIn() && request.auth.uid == adminId;\n      // Super admin can read/list/write all admin docs\n      allow read, list: if isSuperAdmin();\n      allow create, update, delete: if isSuperAdmin();\n    }\n\n    // =====================================================\n    // ANALYTICS — FIX: separate write into create+update+delete\n    // Public can CREATE (tracking). Admin can do everything.\n    // =====================================================\n\n    match /visitor_sessions/{docId} {\n      allow create: if true;\n      allow read, update, delete: if isAdminOrSuperAdmin();\n    }\n\n    match /page_views/{docId} {\n      allow create: if true;\n      allow read, update, delete: if isAdminOrSuperAdmin();\n    }\n\n    match /product_views/{docId} {\n      allow create: if true;\n      allow read, update, delete: if isAdminOrSuperAdmin();\n    }\n\n    // FIX: \"allow write\" was missing read for admin on free tier\n    // Explicitly split into create (public) + read/update/delete (admin)\n    match /analytics_daily/{docId} {\n      allow create, update: if true;\n      allow read, delete: if isAdminOrSuperAdmin();\n    }\n\n    match /analytics_monthly/{docId} {\n      allow create, update: if true;\n      allow read, delete: if isAdminOrSuperAdmin();\n    }\n\n    // =====================================================\n    // DEFAULT DENY\n    // =====================================================\n\n    match /{document=**} {\n      allow read, write: if false;\n    }\n  }\n}","name":"firestore.rules"}]},"createTime":"2026-06-17T20:22:43.577087Z","metadata":{"services":["cloud.firestore"]}}
[debug] [2026-06-17T20:22:43.658Z] [rules] created ruleset projects/amar-churighor/rulesets/ca81a6ee-fe3c-477f-9a0b-d05d2f65318d
[debug] [2026-06-17T20:22:43.658Z] [rules] releasing cloud.firestore with ruleset projects/amar-churighor/rulesets/ca81a6ee-fe3c-477f-9a0b-d05d2f65318d
[debug] [2026-06-17T20:22:43.659Z] Checked if tokens are valid: true, expires at: 1781730898526
[debug] [2026-06-17T20:22:43.659Z] Checked if tokens are valid: true, expires at: 1781730898526
[debug] [2026-06-17T20:22:43.659Z] >>> [apiv2][query] PATCH https://firebaserules.googleapis.com/v1/projects/amar-churighor/releases/cloud.firestore [none]
[debug] [2026-06-17T20:22:43.659Z] >>> [apiv2][body] PATCH https://firebaserules.googleapis.com/v1/projects/amar-churighor/releases/cloud.firestore {"release":{"name":"projects/amar-churighor/releases/cloud.firestore","rulesetName":"projects/amar-churighor/rulesets/ca81a6ee-fe3c-477f-9a0b-d05d2f65318d"}}
[debug] [2026-06-17T20:22:44.132Z] <<< [apiv2][status] PATCH https://firebaserules.googleapis.com/v1/projects/amar-churighor/releases/cloud.firestore 200
[debug] [2026-06-17T20:22:44.132Z] <<< [apiv2][body] PATCH https://firebaserules.googleapis.com/v1/projects/amar-churighor/releases/cloud.firestore {"name":"projects/amar-churighor/releases/cloud.firestore","rulesetName":"projects/amar-churighor/rulesets/ca81a6ee-fe3c-477f-9a0b-d05d2f65318d","createTime":"2026-04-16T06:06:53.419068Z","updateTime":"2026-06-17T20:22:44.027882Z"}
[debug] [2026-06-17T20:22:44.132Z] [rules] updated release projects/amar-churighor/releases/cloud.firestore
[info] +  firestore: released rules firestore.rules to cloud.firestore 
[info] 
[info] +  Deploy complete! 
[info] 
[info] Project Console: https://console.firebase.google.com/project/amar-churighor/overview
[debug] [2026-06-17T20:36:14.294Z] ----------------------------------------------------------------------
[debug] [2026-06-17T20:36:14.299Z] Command:       C:\Program Files\nodejs\node.exe C:\Users\iamji\AppData\Roaming\npm\node_modules\firebase-tools\lib\bin\firebase.js deploy --only firestore:indexes
[debug] [2026-06-17T20:36:14.300Z] CLI Version:   15.19.1
[debug] [2026-06-17T20:36:14.300Z] Platform:      win32
[debug] [2026-06-17T20:36:14.300Z] Node Version:  v22.11.0
[debug] [2026-06-17T20:36:14.301Z] Time:          Thu Jun 18 2026 02:36:14 GMT+0600 (Bangladesh Standard Time)
[debug] [2026-06-17T20:36:14.301Z] ----------------------------------------------------------------------
[debug] 
[debug] [2026-06-17T20:36:17.376Z] > command requires scopes: ["email","openid","https://www.googleapis.com/auth/cloudplatformprojects.readonly","https://www.googleapis.com/auth/firebase","https://www.googleapis.com/auth/cloud-platform"]
[debug] [2026-06-17T20:36:17.377Z] > authorizing via signed-in user (arianmd29@gmail.com)
[debug] [2026-06-17T20:36:17.378Z] [iam] checking project amar-churighor for permissions ["datastore.indexes.create","datastore.indexes.delete","datastore.indexes.list","datastore.indexes.update","firebase.projects.get"]
[debug] [2026-06-17T20:36:17.380Z] Checked if tokens are valid: true, expires at: 1781730898526
[debug] [2026-06-17T20:36:17.380Z] Checked if tokens are valid: true, expires at: 1781730898526
[debug] [2026-06-17T20:36:17.382Z] >>> [apiv2][query] POST https://cloudresourcemanager.googleapis.com/v1/projects/amar-churighor:testIamPermissions [none]
[debug] [2026-06-17T20:36:17.382Z] >>> [apiv2][(partial)header] POST https://cloudresourcemanager.googleapis.com/v1/projects/amar-churighor:testIamPermissions  x-goog-user-project=amar-churighor
[debug] [2026-06-17T20:36:17.383Z] >>> [apiv2][body] POST https://cloudresourcemanager.googleapis.com/v1/projects/amar-churighor:testIamPermissions {"permissions":["datastore.indexes.create","datastore.indexes.delete","datastore.indexes.list","datastore.indexes.update","firebase.projects.get"]}
[debug] [2026-06-17T20:36:17.901Z] <<< [apiv2][status] POST https://cloudresourcemanager.googleapis.com/v1/projects/amar-churighor:testIamPermissions 200
[debug] [2026-06-17T20:36:17.902Z] <<< [apiv2][body] POST https://cloudresourcemanager.googleapis.com/v1/projects/amar-churighor:testIamPermissions {"permissions":["datastore.indexes.create","datastore.indexes.delete","datastore.indexes.list","datastore.indexes.update","firebase.projects.get"]}
[info] 
[info] === Deploying to 'amar-churighor'...
[info] 
[info] i  deploying firestore 
[info] i  firestore: ensuring required API firestore.googleapis.com is enabled... 
[info] i  firestore: ensuring required API firestore.googleapis.com is enabled... 
[debug] [2026-06-17T20:36:17.907Z] Checked if tokens are valid: true, expires at: 1781730898526
[debug] [2026-06-17T20:36:17.907Z] Checked if tokens are valid: true, expires at: 1781730898526
[debug] [2026-06-17T20:36:17.907Z] >>> [apiv2][query] GET https://firestore.googleapis.com/v1/projects/amar-churighor/databases/(default) [none]
[debug] [2026-06-17T20:36:19.702Z] <<< [apiv2][status] GET https://firestore.googleapis.com/v1/projects/amar-churighor/databases/(default) 200
[debug] [2026-06-17T20:36:19.703Z] <<< [apiv2][body] GET https://firestore.googleapis.com/v1/projects/amar-churighor/databases/(default) {"name":"projects/amar-churighor/databases/(default)","uid":"d9706251-02f4-40a1-8f39-6611e76a17d9","createTime":"2026-04-16T06:06:47.481404Z","updateTime":"2026-04-16T06:06:47.481404Z","locationId":"nam5","type":"FIRESTORE_NATIVE","concurrencyMode":"PESSIMISTIC","versionRetentionPeriod":"3600s","earliestVersionTime":"2026-06-17T19:36:19.648378Z","appEngineIntegrationMode":"DISABLED","keyPrefix":"s","pointInTimeRecoveryEnablement":"POINT_IN_TIME_RECOVERY_DISABLED","deleteProtectionState":"DELETE_PROTECTION_DISABLED","databaseEdition":"STANDARD","freeTier":true,"realtimeUpdatesMode":"REALTIME_UPDATES_MODE_ENABLED","etag":"INfwzZiQj5UDMPDbgunj9JQD"}
[info] i  firestore: reading indexes from firestore.indexes.json... 
[info] i  cloud.firestore: checking firestore.rules for compilation errors... 
[debug] [2026-06-17T20:36:19.706Z] Checked if tokens are valid: true, expires at: 1781730898526
[debug] [2026-06-17T20:36:19.706Z] Checked if tokens are valid: true, expires at: 1781730898526
[debug] [2026-06-17T20:36:19.706Z] >>> [apiv2][query] POST https://firebaserules.googleapis.com/v1/projects/amar-churighor:test [none]
[debug] [2026-06-17T20:36:19.707Z] >>> [apiv2][body] POST https://firebaserules.googleapis.com/v1/projects/amar-churighor:test [omitted]
[debug] [2026-06-17T20:36:20.223Z] <<< [apiv2][status] POST https://firebaserules.googleapis.com/v1/projects/amar-churighor:test 200
[debug] [2026-06-17T20:36:20.223Z] <<< [apiv2][body] POST https://firebaserules.googleapis.com/v1/projects/amar-churighor:test {}
[info] +  cloud.firestore: rules file firestore.rules compiled successfully 
[info] i  firestore: deploying indexes... 
[debug] [2026-06-17T20:36:20.226Z] Checked if tokens are valid: true, expires at: 1781730898526
[debug] [2026-06-17T20:36:20.226Z] Checked if tokens are valid: true, expires at: 1781730898526
[debug] [2026-06-17T20:36:20.226Z] >>> [apiv2][query] GET https://firestore.googleapis.com/v1/projects/amar-churighor/databases/(default)/collectionGroups/-/indexes [none]
[debug] [2026-06-17T20:36:20.598Z] <<< [apiv2][status] GET https://firestore.googleapis.com/v1/projects/amar-churighor/databases/(default)/collectionGroups/-/indexes 200
[debug] [2026-06-17T20:36:20.598Z] <<< [apiv2][body] GET https://firestore.googleapis.com/v1/projects/amar-churighor/databases/(default)/collectionGroups/-/indexes {"indexes":[{"name":"projects/amar-churighor/databases/(default)/collectionGroups/visitor_sessions/indexes/CICAgNiav4AK","queryScope":"COLLECTION","fields":[{"fieldPath":"lastActivity","order":"ASCENDING"},{"fieldPath":"isActive","order":"ASCENDING"},{"fieldPath":"__name__","order":"ASCENDING"}],"state":"READY","density":"SPARSE_ALL"},{"name":"projects/amar-churighor/databases/(default)/collectionGroups/orders/indexes/CICAgJim14AK","queryScope":"COLLECTION","fields":[{"fieldPath":"status","order":"ASCENDING"},{"fieldPath":"createdAt","order":"DESCENDING"},{"fieldPath":"__name__","order":"DESCENDING"}],"state":"READY","density":"SPARSE_ALL"},{"name":"projects/amar-churighor/databases/(default)/collectionGroups/products/indexes/CICAgOjXh4EK","queryScope":"COLLECTION","fields":[{"fieldPath":"isActive","order":"ASCENDING"},{"fieldPath":"isBestSeller","order":"ASCENDING"},{"fieldPath":"createdAt","order":"DESCENDING"},{"fieldPath":"__name__","order":"DESCENDING"}],"state":"READY","density":"SPARSE_ALL"},{"name":"projects/amar-churighor/databases/(default)/collectionGroups/analytics_monthly/indexes/CICAgJj7z4EK","queryScope":"COLLECTION","fields":[{"fieldPath":"month","order":"ASCENDING"},{"fieldPath":"updatedAt","order":"ASCENDING"},{"fieldPath":"__name__","order":"ASCENDING"}],"state":"READY","density":"SPARSE_ALL"},{"name":"projects/amar-churighor/databases/(default)/collectionGroups/analytics_daily/indexes/CICAgJjF9oIK","queryScope":"COLLECTION","fields":[{"fieldPath":"date","order":"ASCENDING"},{"fieldPath":"updatedAt","order":"ASCENDING"},{"fieldPath":"__name__","order":"ASCENDING"}],"state":"READY","density":"SPARSE_ALL"},{"name":"projects/amar-churighor/databases/(default)/collectionGroups/products/indexes/CICAgJiUpoMK","queryScope":"COLLECTION","fields":[{"fieldPath":"isActive","order":"ASCENDING"},{"fieldPath":"bestSellerScore","order":"DESCENDING"},{"fieldPath":"__name__","order":"DESCENDING"}],"state":"READY","density":"SPARSE_ALL"},{"name":"projects/amar-churighor/databases/(default)/collectionGroups/visitor_sessions/indexes/CICAgNi47oMK","queryScope":"COLLECTION","fields":[{"fieldPath":"sessionId","order":"ASCENDING"},{"fieldPath":"sessionStart","order":"DESCENDING"},{"fieldPath":"__name__","order":"DESCENDING"}],"state":"READY","density":"SPARSE_ALL"},{"name":"projects/amar-churighor/databases/(default)/collectionGroups/campaigns/indexes/CICAgJjmiJEK","queryScope":"COLLECTION","fields":[{"fieldPath":"priority","order":"DESCENDING"},{"fieldPath":"createdAt","order":"DESCENDING"},{"fieldPath":"__name__","order":"DESCENDING"}],"state":"READY","density":"SPARSE_ALL"},{"name":"projects/amar-churighor/databases/(default)/collectionGroups/visitor_sessions/indexes/CICAgJjFqZMK","queryScope":"COLLECTION","fields":[{"fieldPath":"visitorId","order":"ASCENDING"},{"fieldPath":"sessionStart","order":"DESCENDING"},{"fieldPath":"__name__","order":"DESCENDING"}],"state":"READY","density":"SPARSE_ALL"}]}
[debug] [2026-06-17T20:36:20.599Z] Checked if tokens are valid: true, expires at: 1781730898526
[debug] [2026-06-17T20:36:20.599Z] Checked if tokens are valid: true, expires at: 1781730898526
[debug] [2026-06-17T20:36:20.600Z] >>> [apiv2][query] GET https://firestore.googleapis.com/v1/projects/amar-churighor/databases/(default)/collectionGroups/-/fields?filter=indexConfig.usesAncestorConfig=false OR ttlConfig:* [none]
[debug] [2026-06-17T20:36:20.951Z] <<< [apiv2][status] GET https://firestore.googleapis.com/v1/projects/amar-churighor/databases/(default)/collectionGroups/-/fields?filter=indexConfig.usesAncestorConfig=false OR ttlConfig:* 200
[debug] [2026-06-17T20:36:20.952Z] <<< [apiv2][body] GET https://firestore.googleapis.com/v1/projects/amar-churighor/databases/(default)/collectionGroups/-/fields?filter=indexConfig.usesAncestorConfig=false OR ttlConfig:* {"fields":[{"name":"projects/amar-churighor/databases/(default)/collectionGroups/__default__/fields/*","indexConfig":{"indexes":[{"queryScope":"COLLECTION","fields":[{"fieldPath":"*","order":"ASCENDING"}],"state":"READY"},{"queryScope":"COLLECTION","fields":[{"fieldPath":"*","order":"DESCENDING"}],"state":"READY"},{"queryScope":"COLLECTION","fields":[{"fieldPath":"*","arrayConfig":"CONTAINS"}],"state":"READY"}]}}]}
[debug] [2026-06-17T20:36:20.952Z] Checked if tokens are valid: true, expires at: 1781730898526
[debug] [2026-06-17T20:36:20.952Z] Checked if tokens are valid: true, expires at: 1781730898526
[debug] [2026-06-17T20:36:20.952Z] >>> [apiv2][query] GET https://firestore.googleapis.com/v1/projects/amar-churighor/databases/(default) [none]
[debug] [2026-06-17T20:36:21.320Z] <<< [apiv2][status] GET https://firestore.googleapis.com/v1/projects/amar-churighor/databases/(default) 200
[debug] [2026-06-17T20:36:21.320Z] <<< [apiv2][body] GET https://firestore.googleapis.com/v1/projects/amar-churighor/databases/(default) {"name":"projects/amar-churighor/databases/(default)","uid":"d9706251-02f4-40a1-8f39-6611e76a17d9","createTime":"2026-04-16T06:06:47.481404Z","updateTime":"2026-04-16T06:06:47.481404Z","locationId":"nam5","type":"FIRESTORE_NATIVE","concurrencyMode":"PESSIMISTIC","versionRetentionPeriod":"3600s","earliestVersionTime":"2026-06-17T19:36:21.262487Z","appEngineIntegrationMode":"DISABLED","keyPrefix":"s","pointInTimeRecoveryEnablement":"POINT_IN_TIME_RECOVERY_DISABLED","deleteProtectionState":"DELETE_PROTECTION_DISABLED","databaseEdition":"STANDARD","freeTier":true,"realtimeUpdatesMode":"REALTIME_UPDATES_MODE_ENABLED","etag":"IOCysJmQj5UDMPDbgunj9JQD"}
[info] i  firestore: there are 4 indexes defined in your project that are not present in your firestore indexes file. To delete them, run this command with the --force flag. 
[debug] [2026-06-17T20:36:21.322Z] Skipping existing index: {"collectionGroup":"products","queryScope":"COLLECTION","fields":[{"fieldPath":"isActive","order":"ASCENDING"},{"fieldPath":"isBestSeller","order":"ASCENDING"},{"fieldPath":"createdAt","order":"DESCENDING"},{"fieldPath":"__name__","order":"DESCENDING"}]}
[debug] [2026-06-17T20:36:21.323Z] Skipping existing index: {"collectionGroup":"products","queryScope":"COLLECTION","fields":[{"fieldPath":"isActive","order":"ASCENDING"},{"fieldPath":"bestSellerScore","order":"DESCENDING"},{"fieldPath":"__name__","order":"DESCENDING"}]}
[debug] [2026-06-17T20:36:21.323Z] Creating new index: {"collectionGroup":"products","queryScope":"COLLECTION","fields":[{"fieldPath":"isActive","order":"ASCENDING"},{"fieldPath":"createdAt","order":"DESCENDING"},{"fieldPath":"__name__","order":"DESCENDING"}]}
[debug] [2026-06-17T20:36:21.323Z] Checked if tokens are valid: true, expires at: 1781730898526
[debug] [2026-06-17T20:36:21.323Z] Checked if tokens are valid: true, expires at: 1781730898526
[debug] [2026-06-17T20:36:21.323Z] >>> [apiv2][query] POST https://firestore.googleapis.com/v1/projects/amar-churighor/databases/(default)/collectionGroups/products/indexes [none]
[debug] [2026-06-17T20:36:21.324Z] >>> [apiv2][body] POST https://firestore.googleapis.com/v1/projects/amar-churighor/databases/(default)/collectionGroups/products/indexes {"fields":[{"fieldPath":"isActive","order":"ASCENDING"},{"fieldPath":"createdAt","order":"DESCENDING"},{"fieldPath":"__name__","order":"DESCENDING"}],"queryScope":"COLLECTION"}
[debug] [2026-06-17T20:36:21.934Z] <<< [apiv2][status] POST https://firestore.googleapis.com/v1/projects/amar-churighor/databases/(default)/collectionGroups/products/indexes 200
[debug] [2026-06-17T20:36:21.934Z] <<< [apiv2][body] POST https://firestore.googleapis.com/v1/projects/amar-churighor/databases/(default)/collectionGroups/products/indexes {"name":"projects/amar-churighor/databases/(default)/operations/S0lZZ3BqTmdBQ0lDDCoDIGMxZmJlYjRiYzE3YS0wZDE4LTQ1NzQtOTE2ZC1iNDM1M2NlMyQac2VuaWxlcGlwCQpBEg","metadata":{"@type":"type.googleapis.com/google.firestore.admin.v1.IndexOperationMetadata","startTime":"2026-06-17T20:36:21.793471Z","index":"projects/amar-churighor/databases/(default)/collectionGroups/products/indexes/CICAgNjpgYIK","state":"INITIALIZING"}}
[debug] [2026-06-17T20:36:21.934Z] Creating new index: {"collectionGroup":"products","queryScope":"COLLECTION","fields":[{"fieldPath":"category","order":"ASCENDING"},{"fieldPath":"isActive","order":"ASCENDING"},{"fieldPath":"__name__","order":"DESCENDING"}]}
[debug] [2026-06-17T20:36:21.935Z] Checked if tokens are valid: true, expires at: 1781730898526
[debug] [2026-06-17T20:36:21.935Z] Checked if tokens are valid: true, expires at: 1781730898526
[debug] [2026-06-17T20:36:21.935Z] >>> [apiv2][query] POST https://firestore.googleapis.com/v1/projects/amar-churighor/databases/(default)/collectionGroups/products/indexes [none]
[debug] [2026-06-17T20:36:21.935Z] >>> [apiv2][body] POST https://firestore.googleapis.com/v1/projects/amar-churighor/databases/(default)/collectionGroups/products/indexes {"fields":[{"fieldPath":"category","order":"ASCENDING"},{"fieldPath":"isActive","order":"ASCENDING"},{"fieldPath":"__name__","order":"DESCENDING"}],"queryScope":"COLLECTION"}
[debug] [2026-06-17T20:36:22.494Z] <<< [apiv2][status] POST https://firestore.googleapis.com/v1/projects/amar-churighor/databases/(default)/collectionGroups/products/indexes 200
[debug] [2026-06-17T20:36:22.494Z] <<< [apiv2][body] POST https://firestore.googleapis.com/v1/projects/amar-churighor/databases/(default)/collectionGroups/products/indexes {"name":"projects/amar-churighor/databases/(default)/operations/S29ZdkZqSmdBQ0lDDCoDIDM3MzVjMzRhZTE5ZC1jMmI5LTczMTQtZTU1Yi00MzJhNDMyOCQac2VuaWxlcGlwCQpBEg","metadata":{"@type":"type.googleapis.com/google.firestore.admin.v1.IndexOperationMetadata","startTime":"2026-06-17T20:36:22.329116Z","index":"projects/amar-churighor/databases/(default)/collectionGroups/products/indexes/CICAgJjFvYoK","state":"INITIALIZING"}}
[debug] [2026-06-17T20:36:22.494Z] Creating new index: {"collectionGroup":"products","queryScope":"COLLECTION","fields":[{"fieldPath":"isBestSeller","order":"ASCENDING"},{"fieldPath":"isActive","order":"ASCENDING"},{"fieldPath":"__name__","order":"ASCENDING"}]}
[debug] [2026-06-17T20:36:22.494Z] Checked if tokens are valid: true, expires at: 1781730898526
[debug] [2026-06-17T20:36:22.495Z] Checked if tokens are valid: true, expires at: 1781730898526
[debug] [2026-06-17T20:36:22.495Z] >>> [apiv2][query] POST https://firestore.googleapis.com/v1/projects/amar-churighor/databases/(default)/collectionGroups/products/indexes [none]
[debug] [2026-06-17T20:36:22.495Z] >>> [apiv2][body] POST https://firestore.googleapis.com/v1/projects/amar-churighor/databases/(default)/collectionGroups/products/indexes {"fields":[{"fieldPath":"isBestSeller","order":"ASCENDING"},{"fieldPath":"isActive","order":"ASCENDING"},{"fieldPath":"__name__","order":"ASCENDING"}],"queryScope":"COLLECTION"}
[debug] [2026-06-17T20:36:23.055Z] <<< [apiv2][status] POST https://firestore.googleapis.com/v1/projects/amar-churighor/databases/(default)/collectionGroups/products/indexes 200
[debug] [2026-06-17T20:36:23.056Z] <<< [apiv2][body] POST https://firestore.googleapis.com/v1/projects/amar-churighor/databases/(default)/collectionGroups/products/indexes {"name":"projects/amar-churighor/databases/(default)/operations/S0VJb3JpTmdBQ0lDDCoDIDI1NzhlOWE2MmY4ZC0yYjc5LTczZDQtY2FlNy1iOTY4Y2NlZCQac2VuaWxlcGlwCQpBEg","metadata":{"@type":"type.googleapis.com/google.firestore.admin.v1.IndexOperationMetadata","startTime":"2026-06-17T20:36:22.889981Z","index":"projects/amar-churighor/databases/(default)/collectionGroups/products/indexes/CICAgNiroIEK","state":"INITIALIZING"}}
[debug] [2026-06-17T20:36:23.056Z] Creating new index: {"collectionGroup":"products","queryScope":"COLLECTION","fields":[{"fieldPath":"isActive","order":"ASCENDING"},{"fieldPath":"bestSellerScore","order":"ASCENDING"},{"fieldPath":"__name__","order":"ASCENDING"}]}
[debug] [2026-06-17T20:36:23.056Z] Checked if tokens are valid: true, expires at: 1781730898526
[debug] [2026-06-17T20:36:23.057Z] Checked if tokens are valid: true, expires at: 1781730898526
[debug] [2026-06-17T20:36:23.057Z] >>> [apiv2][query] POST https://firestore.googleapis.com/v1/projects/amar-churighor/databases/(default)/collectionGroups/products/indexes [none]
[debug] [2026-06-17T20:36:23.057Z] >>> [apiv2][body] POST https://firestore.googleapis.com/v1/projects/amar-churighor/databases/(default)/collectionGroups/products/indexes {"fields":[{"fieldPath":"isActive","order":"ASCENDING"},{"fieldPath":"bestSellerScore","order":"ASCENDING"},{"fieldPath":"__name__","order":"ASCENDING"}],"queryScope":"COLLECTION"}
[debug] [2026-06-17T20:36:23.641Z] <<< [apiv2][status] POST https://firestore.googleapis.com/v1/projects/amar-churighor/databases/(default)/collectionGroups/products/indexes 200
[debug] [2026-06-17T20:36:23.641Z] <<< [apiv2][body] POST https://firestore.googleapis.com/v1/projects/amar-churighor/databases/(default)/collectionGroups/products/indexes {"name":"projects/amar-churighor/databases/(default)/operations/S01Za0lpTGdBQ0lDDCoDIDQyYzk4N2Q3Y2NkZi02MGRhLTMyYTQtM2FmYS00ODkyMmRmNSQac2VuaWxlcGlwCQpBEg","metadata":{"@type":"type.googleapis.com/google.firestore.admin.v1.IndexOperationMetadata","startTime":"2026-06-17T20:36:23.473719Z","index":"projects/amar-churighor/databases/(default)/collectionGroups/products/indexes/CICAgLiIkYMK","state":"INITIALIZING"}}
[debug] [2026-06-17T20:36:23.641Z] Creating new index: {"collectionGroup":"products","queryScope":"COLLECTION","fields":[{"fieldPath":"isNewArrival","order":"ASCENDING"},{"fieldPath":"isActive","order":"ASCENDING"},{"fieldPath":"createdAt","order":"DESCENDING"},{"fieldPath":"__name__","order":"DESCENDING"}]}
[debug] [2026-06-17T20:36:23.642Z] Checked if tokens are valid: true, expires at: 1781730898526
[debug] [2026-06-17T20:36:23.642Z] Checked if tokens are valid: true, expires at: 1781730898526
[debug] [2026-06-17T20:36:23.642Z] >>> [apiv2][query] POST https://firestore.googleapis.com/v1/projects/amar-churighor/databases/(default)/collectionGroups/products/indexes [none]
[debug] [2026-06-17T20:36:23.642Z] >>> [apiv2][body] POST https://firestore.googleapis.com/v1/projects/amar-churighor/databases/(default)/collectionGroups/products/indexes {"fields":[{"fieldPath":"isNewArrival","order":"ASCENDING"},{"fieldPath":"isActive","order":"ASCENDING"},{"fieldPath":"createdAt","order":"DESCENDING"},{"fieldPath":"__name__","order":"DESCENDING"}],"queryScope":"COLLECTION"}
[debug] [2026-06-17T20:36:24.194Z] <<< [apiv2][status] POST https://firestore.googleapis.com/v1/projects/amar-churighor/databases/(default)/collectionGroups/products/indexes 200
[debug] [2026-06-17T20:36:24.195Z] <<< [apiv2][body] POST https://firestore.googleapis.com/v1/projects/amar-churighor/databases/(default)/collectionGroups/products/indexes {"name":"projects/amar-churighor/databases/(default)/operations/S0FKazNpT2dBQ0lDDCoDIGE1OTRlMWM5M2ZlZC1iZjM5LTVmNTQtZTY0OC1kNTVlZDZkYiQac2VuaWxlcGlwCQpBEg","metadata":{"@type":"type.googleapis.com/google.firestore.admin.v1.IndexOperationMetadata","startTime":"2026-06-17T20:36:23.974982Z","index":"projects/amar-churighor/databases/(default)/collectionGroups/products/indexes/CICAgOi3kJAK","state":"INITIALIZING"}}
[debug] [2026-06-17T20:36:24.195Z] Creating new index: {"collectionGroup":"products","queryScope":"COLLECTION","fields":[{"fieldPath":"isFeatured","order":"ASCENDING"},{"fieldPath":"isActive","order":"ASCENDING"},{"fieldPath":"__name__","order":"ASCENDING"}]}
[debug] [2026-06-17T20:36:24.195Z] Checked if tokens are valid: true, expires at: 1781730898526
[debug] [2026-06-17T20:36:24.195Z] Checked if tokens are valid: true, expires at: 1781730898526
[debug] [2026-06-17T20:36:24.195Z] >>> [apiv2][query] POST https://firestore.googleapis.com/v1/projects/amar-churighor/databases/(default)/collectionGroups/products/indexes [none]
[debug] [2026-06-17T20:36:24.196Z] >>> [apiv2][body] POST https://firestore.googleapis.com/v1/projects/amar-churighor/databases/(default)/collectionGroups/products/indexes {"fields":[{"fieldPath":"isFeatured","order":"ASCENDING"},{"fieldPath":"isActive","order":"ASCENDING"},{"fieldPath":"__name__","order":"ASCENDING"}],"queryScope":"COLLECTION"}
[debug] [2026-06-17T20:36:24.751Z] <<< [apiv2][status] POST https://firestore.googleapis.com/v1/projects/amar-churighor/databases/(default)/collectionGroups/products/indexes 200
[debug] [2026-06-17T20:36:24.751Z] <<< [apiv2][body] POST https://firestore.googleapis.com/v1/projects/amar-churighor/databases/(default)/collectionGroups/products/indexes {"name":"projects/amar-churighor/databases/(default)/operations/S0FJOHlqTGdBQ0lDDCoDIDk5ZmNjMzAwNGUzYi1hNWE5LTA4MzQtY2IwZi0zOGU0NWVjZSQac2VuaWxlcGlwCQpBEg","metadata":{"@type":"type.googleapis.com/google.firestore.admin.v1.IndexOperationMetadata","startTime":"2026-06-17T20:36:24.599412Z","index":"projects/amar-churighor/databases/(default)/collectionGroups/products/indexes/CICAgLjy8IAK","state":"INITIALIZING"}}
[debug] [2026-06-17T20:36:24.751Z] Skipping existing index: {"collectionGroup":"orders","queryScope":"COLLECTION","fields":[{"fieldPath":"status","order":"ASCENDING"},{"fieldPath":"createdAt","order":"DESCENDING"},{"fieldPath":"__name__","order":"DESCENDING"}]}
[debug] [2026-06-17T20:36:24.751Z] Creating new index: {"collectionGroup":"orders","queryScope":"COLLECTION","fields":[{"fieldPath":"anonymousId","order":"ASCENDING"},{"fieldPath":"createdAt","order":"DESCENDING"},{"fieldPath":"__name__","order":"DESCENDING"}]}
[debug] [2026-06-17T20:36:24.751Z] Checked if tokens are valid: true, expires at: 1781730898526
[debug] [2026-06-17T20:36:24.752Z] Checked if tokens are valid: true, expires at: 1781730898526
[debug] [2026-06-17T20:36:24.752Z] >>> [apiv2][query] POST https://firestore.googleapis.com/v1/projects/amar-churighor/databases/(default)/collectionGroups/orders/indexes [none]
[debug] [2026-06-17T20:36:24.752Z] >>> [apiv2][body] POST https://firestore.googleapis.com/v1/projects/amar-churighor/databases/(default)/collectionGroups/orders/indexes {"fields":[{"fieldPath":"anonymousId","order":"ASCENDING"},{"fieldPath":"createdAt","order":"DESCENDING"},{"fieldPath":"__name__","order":"DESCENDING"}],"queryScope":"COLLECTION"}
[debug] [2026-06-17T20:36:25.225Z] <<< [apiv2][status] POST https://firestore.googleapis.com/v1/projects/amar-churighor/databases/(default)/collectionGroups/orders/indexes 200
[debug] [2026-06-17T20:36:25.226Z] <<< [apiv2][body] POST https://firestore.googleapis.com/v1/projects/amar-churighor/databases/(default)/collectionGroups/orders/indexes {"name":"projects/amar-churighor/databases/(default)/operations/S0lac1VpSmdBQ0lDDCoDIGEzYmUwNjkxNjYwMC1iMzJhLTY3ZjQtNzBiZi0zMjc4MzcwMSQac2VuaWxlcGlwCQpBEg","metadata":{"@type":"type.googleapis.com/google.firestore.admin.v1.IndexOperationMetadata","startTime":"2026-06-17T20:36:25.101157Z","index":"projects/amar-churighor/databases/(default)/collectionGroups/orders/indexes/CICAgJiUsZIK","state":"INITIALIZING"}}
[debug] [2026-06-17T20:36:25.226Z] Creating new index: {"collectionGroup":"orders","queryScope":"COLLECTION","fields":[{"fieldPath":"customer.email","order":"ASCENDING"},{"fieldPath":"createdAt","order":"DESCENDING"},{"fieldPath":"__name__","order":"DESCENDING"}]}
[debug] [2026-06-17T20:36:25.226Z] Checked if tokens are valid: true, expires at: 1781730898526
[debug] [2026-06-17T20:36:25.226Z] Checked if tokens are valid: true, expires at: 1781730898526
[debug] [2026-06-17T20:36:25.226Z] >>> [apiv2][query] POST https://firestore.googleapis.com/v1/projects/amar-churighor/databases/(default)/collectionGroups/orders/indexes [none]
[debug] [2026-06-17T20:36:25.227Z] >>> [apiv2][body] POST https://firestore.googleapis.com/v1/projects/amar-churighor/databases/(default)/collectionGroups/orders/indexes {"fields":[{"fieldPath":"customer.email","order":"ASCENDING"},{"fieldPath":"createdAt","order":"DESCENDING"},{"fieldPath":"__name__","order":"DESCENDING"}],"queryScope":"COLLECTION"}
[debug] [2026-06-17T20:36:25.784Z] <<< [apiv2][status] POST https://firestore.googleapis.com/v1/projects/amar-churighor/databases/(default)/collectionGroups/orders/indexes 200
[debug] [2026-06-17T20:36:25.784Z] <<< [apiv2][body] POST https://firestore.googleapis.com/v1/projects/amar-churighor/databases/(default)/collectionGroups/orders/indexes {"name":"projects/amar-churighor/databases/(default)/operations/S2dJbm1qSmdBQ0lDDCoDIDdkYzNlYmY4NThmMS01ODlhLTRkMDQtNTdkNy03ODYzM2RmNiQac2VuaWxlcGlwCQpBEg","metadata":{"@type":"type.googleapis.com/google.firestore.admin.v1.IndexOperationMetadata","startTime":"2026-06-17T20:36:25.582774Z","index":"projects/amar-churighor/databases/(default)/collectionGroups/orders/indexes/CICAgJjmnIgK","state":"INITIALIZING"}}
[debug] [2026-06-17T20:36:25.784Z] Creating new index: {"collectionGroup":"reviews","queryScope":"COLLECTION","fields":[{"fieldPath":"isActive","order":"ASCENDING"},{"fieldPath":"displayOrder","order":"ASCENDING"}]}
[debug] [2026-06-17T20:36:25.784Z] Checked if tokens are valid: true, expires at: 1781730898526
[debug] [2026-06-17T20:36:25.785Z] Checked if tokens are valid: true, expires at: 1781730898526
[debug] [2026-06-17T20:36:25.785Z] >>> [apiv2][query] POST https://firestore.googleapis.com/v1/projects/amar-churighor/databases/(default)/collectionGroups/reviews/indexes [none]
[debug] [2026-06-17T20:36:25.785Z] >>> [apiv2][body] POST https://firestore.googleapis.com/v1/projects/amar-churighor/databases/(default)/collectionGroups/reviews/indexes {"fields":[{"fieldPath":"isActive","order":"ASCENDING"},{"fieldPath":"displayOrder","order":"ASCENDING"}],"queryScope":"COLLECTION"}
[debug] [2026-06-17T20:36:26.319Z] <<< [apiv2][status] POST https://firestore.googleapis.com/v1/projects/amar-churighor/databases/(default)/collectionGroups/reviews/indexes 200
[debug] [2026-06-17T20:36:26.319Z] <<< [apiv2][body] POST https://firestore.googleapis.com/v1/projects/amar-churighor/databases/(default)/collectionGroups/reviews/indexes {"name":"projects/amar-churighor/databases/(default)/operations/S0laLTRpTmdBQ0lDDCoDIGVkMWYzNzE5Y2U4MC02YWFhLTNkNjQtYWRhYy03NGFmMzk5MyQac2VuaWxlcGlwCQpBEg","metadata":{"@type":"type.googleapis.com/google.firestore.admin.v1.IndexOperationMetadata","startTime":"2026-06-17T20:36:26.125843Z","index":"projects/amar-churighor/databases/(default)/collectionGroups/reviews/indexes/CICAgNi4-ZIK","state":"INITIALIZING"}}
[debug] [2026-06-17T20:36:26.319Z] Creating new index: {"collectionGroup":"faqs","queryScope":"COLLECTION","fields":[{"fieldPath":"isActive","order":"ASCENDING"},{"fieldPath":"sortOrder","order":"ASCENDING"}]}
[debug] [2026-06-17T20:36:26.319Z] Checked if tokens are valid: true, expires at: 1781730898526
[debug] [2026-06-17T20:36:26.319Z] Checked if tokens are valid: true, expires at: 1781730898526
[debug] [2026-06-17T20:36:26.320Z] >>> [apiv2][query] POST https://firestore.googleapis.com/v1/projects/amar-churighor/databases/(default)/collectionGroups/faqs/indexes [none]
[debug] [2026-06-17T20:36:26.320Z] >>> [apiv2][body] POST https://firestore.googleapis.com/v1/projects/amar-churighor/databases/(default)/collectionGroups/faqs/indexes {"fields":[{"fieldPath":"isActive","order":"ASCENDING"},{"fieldPath":"sortOrder","order":"ASCENDING"}],"queryScope":"COLLECTION"}
[debug] [2026-06-17T20:36:26.799Z] <<< [apiv2][status] POST https://firestore.googleapis.com/v1/projects/amar-churighor/databases/(default)/collectionGroups/faqs/indexes 200
[debug] [2026-06-17T20:36:26.799Z] <<< [apiv2][body] POST https://firestore.googleapis.com/v1/projects/amar-churighor/databases/(default)/collectionGroups/faqs/indexes {"name":"projects/amar-churighor/databases/(default)/operations/S0lZeVJqTGdBQ0lDDCoDIDkwYzE1N2VmMTA0YS03NTdiLTk1YzQtOTg1My04YThhZDFjOSQac2VuaWxlcGlwCQpBEg","metadata":{"@type":"type.googleapis.com/google.firestore.admin.v1.IndexOperationMetadata","startTime":"2026-06-17T20:36:26.688756Z","index":"projects/amar-churighor/databases/(default)/collectionGroups/faqs/indexes/CICAgLjRyYIK","state":"INITIALIZING"}}
[debug] [2026-06-17T20:36:26.799Z] Creating new index: {"collectionGroup":"hero_slides","queryScope":"COLLECTION","fields":[{"fieldPath":"isActive","order":"ASCENDING"},{"fieldPath":"sortOrder","order":"ASCENDING"}]}
[debug] [2026-06-17T20:36:26.800Z] Checked if tokens are valid: true, expires at: 1781730898526
[debug] [2026-06-17T20:36:26.800Z] Checked if tokens are valid: true, expires at: 1781730898526
[debug] [2026-06-17T20:36:26.800Z] >>> [apiv2][query] POST https://firestore.googleapis.com/v1/projects/amar-churighor/databases/(default)/collectionGroups/hero_slides/indexes [none]
[debug] [2026-06-17T20:36:26.800Z] >>> [apiv2][body] POST https://firestore.googleapis.com/v1/projects/amar-churighor/databases/(default)/collectionGroups/hero_slides/indexes {"fields":[{"fieldPath":"isActive","order":"ASCENDING"},{"fieldPath":"sortOrder","order":"ASCENDING"}],"queryScope":"COLLECTION"}
[debug] [2026-06-17T20:36:27.292Z] <<< [apiv2][status] POST https://firestore.googleapis.com/v1/projects/amar-churighor/databases/(default)/collectionGroups/hero_slides/indexes 200
[debug] [2026-06-17T20:36:27.292Z] <<< [apiv2][body] POST https://firestore.googleapis.com/v1/projects/amar-churighor/databases/(default)/collectionGroups/hero_slides/indexes {"name":"projects/amar-churighor/databases/(default)/operations/S0FKMkhpSmdBQ0lDDCoDIDQ3YzcyYzFjMTIyYy1iN2Q5LTgxMjQtYWU5YS1kYzY0OWYzNSQac2VuaWxlcGlwCQpBEg","metadata":{"@type":"type.googleapis.com/google.firestore.admin.v1.IndexOperationMetadata","startTime":"2026-06-17T20:36:27.154814Z","index":"projects/amar-churighor/databases/(default)/collectionGroups/hero_slides/indexes/CICAgJiH2JAK","state":"INITIALIZING"}}
[debug] [2026-06-17T20:36:27.292Z] Creating new index: {"collectionGroup":"categories","queryScope":"COLLECTION","fields":[{"fieldPath":"isActive","order":"ASCENDING"},{"fieldPath":"sortOrder","order":"ASCENDING"}]}
[debug] [2026-06-17T20:36:27.292Z] Checked if tokens are valid: true, expires at: 1781730898526
[debug] [2026-06-17T20:36:27.293Z] Checked if tokens are valid: true, expires at: 1781730898526
[debug] [2026-06-17T20:36:27.293Z] >>> [apiv2][query] POST https://firestore.googleapis.com/v1/projects/amar-churighor/databases/(default)/collectionGroups/categories/indexes [none]
[debug] [2026-06-17T20:36:27.293Z] >>> [apiv2][body] POST https://firestore.googleapis.com/v1/projects/amar-churighor/databases/(default)/collectionGroups/categories/indexes {"fields":[{"fieldPath":"isActive","order":"ASCENDING"},{"fieldPath":"sortOrder","order":"ASCENDING"}],"queryScope":"COLLECTION"}
[debug] [2026-06-17T20:36:27.765Z] <<< [apiv2][status] POST https://firestore.googleapis.com/v1/projects/amar-churighor/databases/(default)/collectionGroups/categories/indexes 200
[debug] [2026-06-17T20:36:27.765Z] <<< [apiv2][body] POST https://firestore.googleapis.com/v1/projects/amar-churighor/databases/(default)/collectionGroups/categories/indexes {"name":"projects/amar-churighor/databases/(default)/operations/S3M0bzRpTmdBQ0lDDCoDIGU2NzhmMWMxNzFkZS1jYjY5LThkNzQtZTZmYy1hNjhmZGEyMyQac2VuaWxlcGlwCQpBEg","metadata":{"@type":"type.googleapis.com/google.firestore.admin.v1.IndexOperationMetadata","startTime":"2026-06-17T20:36:27.632739Z","index":"projects/amar-churighor/databases/(default)/collectionGroups/categories/indexes/CICAgNi4o4sK","state":"INITIALIZING"}}
[debug] [2026-06-17T20:36:27.765Z] Creating new index: {"collectionGroup":"newsletter_subscribers","queryScope":"COLLECTION","fields":[{"fieldPath":"subscribedAt","order":"DESCENDING"}]}
[debug] [2026-06-17T20:36:27.765Z] Checked if tokens are valid: true, expires at: 1781730898526
[debug] [2026-06-17T20:36:27.765Z] Checked if tokens are valid: true, expires at: 1781730898526
[debug] [2026-06-17T20:36:27.766Z] >>> [apiv2][query] POST https://firestore.googleapis.com/v1/projects/amar-churighor/databases/(default)/collectionGroups/newsletter_subscribers/indexes [none]
[debug] [2026-06-17T20:36:27.766Z] >>> [apiv2][body] POST https://firestore.googleapis.com/v1/projects/amar-churighor/databases/(default)/collectionGroups/newsletter_subscribers/indexes {"fields":[{"fieldPath":"subscribedAt","order":"DESCENDING"}],"queryScope":"COLLECTION"}
[debug] [2026-06-17T20:36:28.132Z] <<< [apiv2][status] POST https://firestore.googleapis.com/v1/projects/amar-churighor/databases/(default)/collectionGroups/newsletter_subscribers/indexes 400
[debug] [2026-06-17T20:36:28.133Z] <<< [apiv2][body] POST https://firestore.googleapis.com/v1/projects/amar-churighor/databases/(default)/collectionGroups/newsletter_subscribers/indexes {"error":{"code":400,"message":"this index is not necessary, configure using single field index controls","status":"INVALID_ARGUMENT"}}
[error] 
[error] Error: Request to https://firestore.googleapis.com/v1/projects/amar-churighor/databases/(default)/collectionGroups/newsletter_subscribers/indexes had HTTP Error: 400, this index is not necessary, configure using single field index controls
[debug] [2026-06-17T20:36:28.343Z] Error Context: {
  "body": {
    "error": {
      "code": 400,
      "message": "this index is not necessary, configure using single field index controls",
      "status": "INVALID_ARGUMENT"
    }
  },
  "response": {
    "statusCode": 400
  }
}
[debug] [2026-06-17T20:44:10.566Z] ----------------------------------------------------------------------
[debug] [2026-06-17T20:44:10.572Z] Command:       C:\Program Files\nodejs\node.exe C:\Users\iamji\AppData\Roaming\npm\node_modules\firebase-tools\lib\bin\firebase.js deploy --only firestore:indexes
[debug] [2026-06-17T20:44:10.573Z] CLI Version:   15.19.1
[debug] [2026-06-17T20:44:10.573Z] Platform:      win32
[debug] [2026-06-17T20:44:10.574Z] Node Version:  v22.11.0
[debug] [2026-06-17T20:44:10.575Z] Time:          Thu Jun 18 2026 02:44:10 GMT+0600 (Bangladesh Standard Time)
[debug] [2026-06-17T20:44:10.575Z] ----------------------------------------------------------------------
[debug] 
[debug] [2026-06-17T20:44:13.854Z] > command requires scopes: ["email","openid","https://www.googleapis.com/auth/cloudplatformprojects.readonly","https://www.googleapis.com/auth/firebase","https://www.googleapis.com/auth/cloud-platform"]
[debug] [2026-06-17T20:44:13.856Z] > authorizing via signed-in user (arianmd29@gmail.com)
[debug] [2026-06-17T20:44:13.856Z] [iam] checking project amar-churighor for permissions ["datastore.indexes.create","datastore.indexes.delete","datastore.indexes.list","datastore.indexes.update","firebase.projects.get"]
[debug] [2026-06-17T20:44:13.859Z] Checked if tokens are valid: true, expires at: 1781730898526
[debug] [2026-06-17T20:44:13.859Z] Checked if tokens are valid: true, expires at: 1781730898526
[debug] [2026-06-17T20:44:13.861Z] >>> [apiv2][query] POST https://cloudresourcemanager.googleapis.com/v1/projects/amar-churighor:testIamPermissions [none]
[debug] [2026-06-17T20:44:13.862Z] >>> [apiv2][(partial)header] POST https://cloudresourcemanager.googleapis.com/v1/projects/amar-churighor:testIamPermissions  x-goog-user-project=amar-churighor
[debug] [2026-06-17T20:44:13.862Z] >>> [apiv2][body] POST https://cloudresourcemanager.googleapis.com/v1/projects/amar-churighor:testIamPermissions {"permissions":["datastore.indexes.create","datastore.indexes.delete","datastore.indexes.list","datastore.indexes.update","firebase.projects.get"]}
[debug] [2026-06-17T20:44:14.353Z] <<< [apiv2][status] POST https://cloudresourcemanager.googleapis.com/v1/projects/amar-churighor:testIamPermissions 200
[debug] [2026-06-17T20:44:14.354Z] <<< [apiv2][body] POST https://cloudresourcemanager.googleapis.com/v1/projects/amar-churighor:testIamPermissions {"permissions":["datastore.indexes.create","datastore.indexes.delete","datastore.indexes.list","datastore.indexes.update","firebase.projects.get"]}
[info] 
[info] === Deploying to 'amar-churighor'...
[info] 
[info] i  deploying firestore 
[info] i  firestore: ensuring required API firestore.googleapis.com is enabled... 
[info] i  firestore: ensuring required API firestore.googleapis.com is enabled... 
[debug] [2026-06-17T20:44:14.362Z] Checked if tokens are valid: true, expires at: 1781730898526
[debug] [2026-06-17T20:44:14.362Z] Checked if tokens are valid: true, expires at: 1781730898526
[debug] [2026-06-17T20:44:14.363Z] >>> [apiv2][query] GET https://firestore.googleapis.com/v1/projects/amar-churighor/databases/(default) [none]
[debug] [2026-06-17T20:44:16.144Z] <<< [apiv2][status] GET https://firestore.googleapis.com/v1/projects/amar-churighor/databases/(default) 200
[debug] [2026-06-17T20:44:16.144Z] <<< [apiv2][body] GET https://firestore.googleapis.com/v1/projects/amar-churighor/databases/(default) {"name":"projects/amar-churighor/databases/(default)","uid":"d9706251-02f4-40a1-8f39-6611e76a17d9","createTime":"2026-04-16T06:06:47.481404Z","updateTime":"2026-04-16T06:06:47.481404Z","locationId":"nam5","type":"FIRESTORE_NATIVE","concurrencyMode":"PESSIMISTIC","versionRetentionPeriod":"3600s","earliestVersionTime":"2026-06-17T19:44:16.101148Z","appEngineIntegrationMode":"DISABLED","keyPrefix":"s","pointInTimeRecoveryEnablement":"POINT_IN_TIME_RECOVERY_DISABLED","deleteProtectionState":"DELETE_PROTECTION_DISABLED","databaseEdition":"STANDARD","freeTier":true,"realtimeUpdatesMode":"REALTIME_UPDATES_MODE_ENABLED","etag":"IMSc5vuRj5UDMPDbgunj9JQD"}
[info] i  firestore: reading indexes from firestore.indexes.json... 
[info] i  cloud.firestore: checking firestore.rules for compilation errors... 
[debug] [2026-06-17T20:44:16.147Z] Checked if tokens are valid: true, expires at: 1781730898526
[debug] [2026-06-17T20:44:16.147Z] Checked if tokens are valid: true, expires at: 1781730898526
[debug] [2026-06-17T20:44:16.147Z] >>> [apiv2][query] POST https://firebaserules.googleapis.com/v1/projects/amar-churighor:test [none]
[debug] [2026-06-17T20:44:16.147Z] >>> [apiv2][body] POST https://firebaserules.googleapis.com/v1/projects/amar-churighor:test [omitted]
[debug] [2026-06-17T20:44:17.733Z] <<< [apiv2][status] POST https://firebaserules.googleapis.com/v1/projects/amar-churighor:test 200
[debug] [2026-06-17T20:44:17.734Z] <<< [apiv2][body] POST https://firebaserules.googleapis.com/v1/projects/amar-churighor:test {}
[info] +  cloud.firestore: rules file firestore.rules compiled successfully 
[info] i  firestore: deploying indexes... 
[debug] [2026-06-17T20:44:17.739Z] Checked if tokens are valid: true, expires at: 1781730898526
[debug] [2026-06-17T20:44:17.739Z] Checked if tokens are valid: true, expires at: 1781730898526
[debug] [2026-06-17T20:44:17.739Z] >>> [apiv2][query] GET https://firestore.googleapis.com/v1/projects/amar-churighor/databases/(default)/collectionGroups/-/indexes [none]
[debug] [2026-06-17T20:44:18.129Z] <<< [apiv2][status] GET https://firestore.googleapis.com/v1/projects/amar-churighor/databases/(default)/collectionGroups/-/indexes 200
[debug] [2026-06-17T20:44:18.130Z] <<< [apiv2][body] GET https://firestore.googleapis.com/v1/projects/amar-churighor/databases/(default)/collectionGroups/-/indexes {"indexes":[{"name":"projects/amar-churighor/databases/(default)/collectionGroups/visitor_sessions/indexes/CICAgNiav4AK","queryScope":"COLLECTION","fields":[{"fieldPath":"lastActivity","order":"ASCENDING"},{"fieldPath":"isActive","order":"ASCENDING"},{"fieldPath":"__name__","order":"ASCENDING"}],"state":"READY","density":"SPARSE_ALL"},{"name":"projects/amar-churighor/databases/(default)/collectionGroups/orders/indexes/CICAgJim14AK","queryScope":"COLLECTION","fields":[{"fieldPath":"status","order":"ASCENDING"},{"fieldPath":"createdAt","order":"DESCENDING"},{"fieldPath":"__name__","order":"DESCENDING"}],"state":"READY","density":"SPARSE_ALL"},{"name":"projects/amar-churighor/databases/(default)/collectionGroups/products/indexes/CICAgLjy8IAK","queryScope":"COLLECTION","fields":[{"fieldPath":"isFeatured","order":"ASCENDING"},{"fieldPath":"isActive","order":"ASCENDING"},{"fieldPath":"__name__","order":"ASCENDING"}],"state":"READY","density":"SPARSE_ALL"},{"name":"projects/amar-churighor/databases/(default)/collectionGroups/products/indexes/CICAgOjXh4EK","queryScope":"COLLECTION","fields":[{"fieldPath":"isActive","order":"ASCENDING"},{"fieldPath":"isBestSeller","order":"ASCENDING"},{"fieldPath":"createdAt","order":"DESCENDING"},{"fieldPath":"__name__","order":"DESCENDING"}],"state":"READY","density":"SPARSE_ALL"},{"name":"projects/amar-churighor/databases/(default)/collectionGroups/products/indexes/CICAgNiroIEK","queryScope":"COLLECTION","fields":[{"fieldPath":"isBestSeller","order":"ASCENDING"},{"fieldPath":"isActive","order":"ASCENDING"},{"fieldPath":"__name__","order":"ASCENDING"}],"state":"READY","density":"SPARSE_ALL"},{"name":"projects/amar-churighor/databases/(default)/collectionGroups/analytics_monthly/indexes/CICAgJj7z4EK","queryScope":"COLLECTION","fields":[{"fieldPath":"month","order":"ASCENDING"},{"fieldPath":"updatedAt","order":"ASCENDING"},{"fieldPath":"__name__","order":"ASCENDING"}],"state":"READY","density":"SPARSE_ALL"},{"name":"projects/amar-churighor/databases/(default)/collectionGroups/products/indexes/CICAgNjpgYIK","queryScope":"COLLECTION","fields":[{"fieldPath":"isActive","order":"ASCENDING"},{"fieldPath":"createdAt","order":"DESCENDING"},{"fieldPath":"__name__","order":"DESCENDING"}],"state":"READY","density":"SPARSE_ALL"},{"name":"projects/amar-churighor/databases/(default)/collectionGroups/faqs/indexes/CICAgLjRyYIK","queryScope":"COLLECTION","fields":[{"fieldPath":"isActive","order":"ASCENDING"},{"fieldPath":"sortOrder","order":"ASCENDING"},{"fieldPath":"__name__","order":"ASCENDING"}],"state":"READY","density":"SPARSE_ALL"},{"name":"projects/amar-churighor/databases/(default)/collectionGroups/analytics_daily/indexes/CICAgJjF9oIK","queryScope":"COLLECTION","fields":[{"fieldPath":"date","order":"ASCENDING"},{"fieldPath":"updatedAt","order":"ASCENDING"},{"fieldPath":"__name__","order":"ASCENDING"}],"state":"READY","density":"SPARSE_ALL"},{"name":"projects/amar-churighor/databases/(default)/collectionGroups/products/indexes/CICAgLiIkYMK","queryScope":"COLLECTION","fields":[{"fieldPath":"isActive","order":"ASCENDING"},{"fieldPath":"bestSellerScore","order":"ASCENDING"},{"fieldPath":"__name__","order":"ASCENDING"}],"state":"READY","density":"SPARSE_ALL"},{"name":"projects/amar-churighor/databases/(default)/collectionGroups/products/indexes/CICAgJiUpoMK","queryScope":"COLLECTION","fields":[{"fieldPath":"isActive","order":"ASCENDING"},{"fieldPath":"bestSellerScore","order":"DESCENDING"},{"fieldPath":"__name__","order":"DESCENDING"}],"state":"READY","density":"SPARSE_ALL"},{"name":"projects/amar-churighor/databases/(default)/collectionGroups/visitor_sessions/indexes/CICAgNi47oMK","queryScope":"COLLECTION","fields":[{"fieldPath":"sessionId","order":"ASCENDING"},{"fieldPath":"sessionStart","order":"DESCENDING"},{"fieldPath":"__name__","order":"DESCENDING"}],"state":"READY","density":"SPARSE_ALL"},{"name":"projects/amar-churighor/databases/(default)/collectionGroups/orders/indexes/CICAgJjmnIgK","queryScope":"COLLECTION","fields":[{"fieldPath":"customer.email","order":"ASCENDING"},{"fieldPath":"createdAt","order":"DESCENDING"},{"fieldPath":"__name__","order":"DESCENDING"}],"state":"READY","density":"SPARSE_ALL"},{"name":"projects/amar-churighor/databases/(default)/collectionGroups/products/indexes/CICAgJjFvYoK","queryScope":"COLLECTION","fields":[{"fieldPath":"category","order":"ASCENDING"},{"fieldPath":"isActive","order":"ASCENDING"},{"fieldPath":"__name__","order":"DESCENDING"}],"state":"READY","density":"SPARSE_ALL"},{"name":"projects/amar-churighor/databases/(default)/collectionGroups/categories/indexes/CICAgNi4o4sK","queryScope":"COLLECTION","fields":[{"fieldPath":"isActive","order":"ASCENDING"},{"fieldPath":"sortOrder","order":"ASCENDING"},{"fieldPath":"__name__","order":"ASCENDING"}],"state":"READY","density":"SPARSE_ALL"},{"name":"projects/amar-churighor/databases/(default)/collectionGroups/products/indexes/CICAgOi3kJAK","queryScope":"COLLECTION","fields":[{"fieldPath":"isNewArrival","order":"ASCENDING"},{"fieldPath":"isActive","order":"ASCENDING"},{"fieldPath":"createdAt","order":"DESCENDING"},{"fieldPath":"__name__","order":"DESCENDING"}],"state":"READY","density":"SPARSE_ALL"},{"name":"projects/amar-churighor/databases/(default)/collectionGroups/hero_slides/indexes/CICAgJiH2JAK","queryScope":"COLLECTION","fields":[{"fieldPath":"isActive","order":"ASCENDING"},{"fieldPath":"sortOrder","order":"ASCENDING"},{"fieldPath":"__name__","order":"ASCENDING"}],"state":"READY","density":"SPARSE_ALL"},{"name":"projects/amar-churighor/databases/(default)/collectionGroups/campaigns/indexes/CICAgJjmiJEK","queryScope":"COLLECTION","fields":[{"fieldPath":"priority","order":"DESCENDING"},{"fieldPath":"createdAt","order":"DESCENDING"},{"fieldPath":"__name__","order":"DESCENDING"}],"state":"READY","density":"SPARSE_ALL"},{"name":"projects/amar-churighor/databases/(default)/collectionGroups/orders/indexes/CICAgJiUsZIK","queryScope":"COLLECTION","fields":[{"fieldPath":"anonymousId","order":"ASCENDING"},{"fieldPath":"createdAt","order":"DESCENDING"},{"fieldPath":"__name__","order":"DESCENDING"}],"state":"READY","density":"SPARSE_ALL"},{"name":"projects/amar-churighor/databases/(default)/collectionGroups/reviews/indexes/CICAgNi4-ZIK","queryScope":"COLLECTION","fields":[{"fieldPath":"isActive","order":"ASCENDING"},{"fieldPath":"displayOrder","order":"ASCENDING"},{"fieldPath":"__name__","order":"ASCENDING"}],"state":"READY","density":"SPARSE_ALL"},{"name":"projects/amar-churighor/databases/(default)/collectionGroups/visitor_sessions/indexes/CICAgJjFqZMK","queryScope":"COLLECTION","fields":[{"fieldPath":"visitorId","order":"ASCENDING"},{"fieldPath":"sessionStart","order":"DESCENDING"},{"fieldPath":"__name__","order":"DESCENDING"}],"state":"READY","density":"SPARSE_ALL"}]}
[debug] [2026-06-17T20:44:18.130Z] Checked if tokens are valid: true, expires at: 1781730898526
[debug] [2026-06-17T20:44:18.131Z] Checked if tokens are valid: true, expires at: 1781730898526
[debug] [2026-06-17T20:44:18.131Z] >>> [apiv2][query] GET https://firestore.googleapis.com/v1/projects/amar-churighor/databases/(default)/collectionGroups/-/fields?filter=indexConfig.usesAncestorConfig=false OR ttlConfig:* [none]
[debug] [2026-06-17T20:44:18.491Z] <<< [apiv2][status] GET https://firestore.googleapis.com/v1/projects/amar-churighor/databases/(default)/collectionGroups/-/fields?filter=indexConfig.usesAncestorConfig=false OR ttlConfig:* 200
[debug] [2026-06-17T20:44:18.491Z] <<< [apiv2][body] GET https://firestore.googleapis.com/v1/projects/amar-churighor/databases/(default)/collectionGroups/-/fields?filter=indexConfig.usesAncestorConfig=false OR ttlConfig:* {"fields":[{"name":"projects/amar-churighor/databases/(default)/collectionGroups/__default__/fields/*","indexConfig":{"indexes":[{"queryScope":"COLLECTION","fields":[{"fieldPath":"*","order":"ASCENDING"}],"state":"READY"},{"queryScope":"COLLECTION","fields":[{"fieldPath":"*","order":"DESCENDING"}],"state":"READY"},{"queryScope":"COLLECTION","fields":[{"fieldPath":"*","arrayConfig":"CONTAINS"}],"state":"READY"}]}}]}
[debug] [2026-06-17T20:44:18.491Z] Checked if tokens are valid: true, expires at: 1781730898526
[debug] [2026-06-17T20:44:18.492Z] Checked if tokens are valid: true, expires at: 1781730898526
[debug] [2026-06-17T20:44:18.492Z] >>> [apiv2][query] GET https://firestore.googleapis.com/v1/projects/amar-churighor/databases/(default) [none]
[debug] [2026-06-17T20:44:18.844Z] <<< [apiv2][status] GET https://firestore.googleapis.com/v1/projects/amar-churighor/databases/(default) 200
[debug] [2026-06-17T20:44:18.844Z] <<< [apiv2][body] GET https://firestore.googleapis.com/v1/projects/amar-churighor/databases/(default) {"name":"projects/amar-churighor/databases/(default)","uid":"d9706251-02f4-40a1-8f39-6611e76a17d9","createTime":"2026-04-16T06:06:47.481404Z","updateTime":"2026-04-16T06:06:47.481404Z","locationId":"nam5","type":"FIRESTORE_NATIVE","concurrencyMode":"PESSIMISTIC","versionRetentionPeriod":"3600s","earliestVersionTime":"2026-06-17T19:44:18.801097Z","appEngineIntegrationMode":"DISABLED","keyPrefix":"s","pointInTimeRecoveryEnablement":"POINT_IN_TIME_RECOVERY_DISABLED","deleteProtectionState":"DELETE_PROTECTION_DISABLED","databaseEdition":"STANDARD","freeTier":true,"realtimeUpdatesMode":"REALTIME_UPDATES_MODE_ENABLED","etag":"INSFi/2Rj5UDMPDbgunj9JQD"}
[info] i  firestore: there are 4 indexes defined in your project that are not present in your firestore indexes file. To delete them, run this command with the --force flag. 
[debug] [2026-06-17T20:44:18.846Z] Skipping existing index: {"collectionGroup":"products","queryScope":"COLLECTION","fields":[{"fieldPath":"isActive","order":"ASCENDING"},{"fieldPath":"isBestSeller","order":"ASCENDING"},{"fieldPath":"createdAt","order":"DESCENDING"},{"fieldPath":"__name__","order":"DESCENDING"}]}
[debug] [2026-06-17T20:44:18.846Z] Skipping existing index: {"collectionGroup":"products","queryScope":"COLLECTION","fields":[{"fieldPath":"isActive","order":"ASCENDING"},{"fieldPath":"bestSellerScore","order":"DESCENDING"},{"fieldPath":"__name__","order":"DESCENDING"}]}
[debug] [2026-06-17T20:44:18.846Z] Skipping existing index: {"collectionGroup":"products","queryScope":"COLLECTION","fields":[{"fieldPath":"isActive","order":"ASCENDING"},{"fieldPath":"createdAt","order":"DESCENDING"},{"fieldPath":"__name__","order":"DESCENDING"}]}
[debug] [2026-06-17T20:44:18.846Z] Skipping existing index: {"collectionGroup":"products","queryScope":"COLLECTION","fields":[{"fieldPath":"category","order":"ASCENDING"},{"fieldPath":"isActive","order":"ASCENDING"},{"fieldPath":"__name__","order":"DESCENDING"}]}
[debug] [2026-06-17T20:44:18.846Z] Skipping existing index: {"collectionGroup":"products","queryScope":"COLLECTION","fields":[{"fieldPath":"isBestSeller","order":"ASCENDING"},{"fieldPath":"isActive","order":"ASCENDING"},{"fieldPath":"__name__","order":"ASCENDING"}]}
[debug] [2026-06-17T20:44:18.847Z] Skipping existing index: {"collectionGroup":"products","queryScope":"COLLECTION","fields":[{"fieldPath":"isActive","order":"ASCENDING"},{"fieldPath":"bestSellerScore","order":"ASCENDING"},{"fieldPath":"__name__","order":"ASCENDING"}]}
[debug] [2026-06-17T20:44:18.847Z] Skipping existing index: {"collectionGroup":"products","queryScope":"COLLECTION","fields":[{"fieldPath":"isNewArrival","order":"ASCENDING"},{"fieldPath":"isActive","order":"ASCENDING"},{"fieldPath":"createdAt","order":"DESCENDING"},{"fieldPath":"__name__","order":"DESCENDING"}]}
[debug] [2026-06-17T20:44:18.847Z] Skipping existing index: {"collectionGroup":"products","queryScope":"COLLECTION","fields":[{"fieldPath":"isFeatured","order":"ASCENDING"},{"fieldPath":"isActive","order":"ASCENDING"},{"fieldPath":"__name__","order":"ASCENDING"}]}
[debug] [2026-06-17T20:44:18.847Z] Skipping existing index: {"collectionGroup":"orders","queryScope":"COLLECTION","fields":[{"fieldPath":"status","order":"ASCENDING"},{"fieldPath":"createdAt","order":"DESCENDING"},{"fieldPath":"__name__","order":"DESCENDING"}]}
[debug] [2026-06-17T20:44:18.847Z] Skipping existing index: {"collectionGroup":"orders","queryScope":"COLLECTION","fields":[{"fieldPath":"anonymousId","order":"ASCENDING"},{"fieldPath":"createdAt","order":"DESCENDING"},{"fieldPath":"__name__","order":"DESCENDING"}]}
[debug] [2026-06-17T20:44:18.847Z] Skipping existing index: {"collectionGroup":"orders","queryScope":"COLLECTION","fields":[{"fieldPath":"customer.email","order":"ASCENDING"},{"fieldPath":"createdAt","order":"DESCENDING"},{"fieldPath":"__name__","order":"DESCENDING"}]}
[debug] [2026-06-17T20:44:18.847Z] Skipping existing index: {"collectionGroup":"reviews","queryScope":"COLLECTION","fields":[{"fieldPath":"isActive","order":"ASCENDING"},{"fieldPath":"displayOrder","order":"ASCENDING"},{"fieldPath":"__name__","order":"ASCENDING"}]}
[debug] [2026-06-17T20:44:18.847Z] Skipping existing index: {"collectionGroup":"faqs","queryScope":"COLLECTION","fields":[{"fieldPath":"isActive","order":"ASCENDING"},{"fieldPath":"sortOrder","order":"ASCENDING"},{"fieldPath":"__name__","order":"ASCENDING"}]}
[debug] [2026-06-17T20:44:18.848Z] Skipping existing index: {"collectionGroup":"hero_slides","queryScope":"COLLECTION","fields":[{"fieldPath":"isActive","order":"ASCENDING"},{"fieldPath":"sortOrder","order":"ASCENDING"},{"fieldPath":"__name__","order":"ASCENDING"}]}
[debug] [2026-06-17T20:44:18.848Z] Skipping existing index: {"collectionGroup":"categories","queryScope":"COLLECTION","fields":[{"fieldPath":"isActive","order":"ASCENDING"},{"fieldPath":"sortOrder","order":"ASCENDING"},{"fieldPath":"__name__","order":"ASCENDING"}]}
[debug] [2026-06-17T20:44:18.848Z] Creating new index: {"collectionGroup":"visitor_sessions","queryScope":"COLLECTION","fields":[{"fieldPath":"sessionId","order":"ASCENDING"},{"fieldPath":"isActive","order":"ASCENDING"},{"fieldPath":"__name__","order":"ASCENDING"}]}
[debug] [2026-06-17T20:44:18.848Z] Checked if tokens are valid: true, expires at: 1781730898526
[debug] [2026-06-17T20:44:18.848Z] Checked if tokens are valid: true, expires at: 1781730898526
[debug] [2026-06-17T20:44:18.849Z] >>> [apiv2][query] POST https://firestore.googleapis.com/v1/projects/amar-churighor/databases/(default)/collectionGroups/visitor_sessions/indexes [none]
[debug] [2026-06-17T20:44:18.849Z] >>> [apiv2][body] POST https://firestore.googleapis.com/v1/projects/amar-churighor/databases/(default)/collectionGroups/visitor_sessions/indexes {"fields":[{"fieldPath":"sessionId","order":"ASCENDING"},{"fieldPath":"isActive","order":"ASCENDING"},{"fieldPath":"__name__","order":"ASCENDING"}],"queryScope":"COLLECTION"}
[debug] [2026-06-17T20:44:19.345Z] <<< [apiv2][status] POST https://firestore.googleapis.com/v1/projects/amar-churighor/databases/(default)/collectionGroups/visitor_sessions/indexes 200
[debug] [2026-06-17T20:44:19.345Z] <<< [apiv2][body] POST https://firestore.googleapis.com/v1/projects/amar-churighor/databases/(default)/collectionGroups/visitor_sessions/indexes {"name":"projects/amar-churighor/databases/(default)/operations/S0VJNlRpTGdBQ0lDDCoDIGU4M2E1ZGU1NWVlZC0yNDlhLTEwNzQtZmFkNS0yOTBhZWZlYiQac2VuaWxlcGlwCQpBEg","metadata":{"@type":"type.googleapis.com/google.firestore.admin.v1.IndexOperationMetadata","startTime":"2026-06-17T20:44:19.223524Z","index":"projects/amar-churighor/databases/(default)/collectionGroups/visitor_sessions/indexes/CICAgLiT6IEK","state":"INITIALIZING"}}
[debug] [2026-06-17T20:44:19.346Z] Creating new index: {"collectionGroup":"visitor_sessions","queryScope":"COLLECTION","fields":[{"fieldPath":"isActive","order":"ASCENDING"},{"fieldPath":"lastActivity","order":"ASCENDING"},{"fieldPath":"__name__","order":"ASCENDING"}]}
[debug] [2026-06-17T20:44:19.346Z] Checked if tokens are valid: true, expires at: 1781730898526
[debug] [2026-06-17T20:44:19.346Z] Checked if tokens are valid: true, expires at: 1781730898526
[debug] [2026-06-17T20:44:19.346Z] >>> [apiv2][query] POST https://firestore.googleapis.com/v1/projects/amar-churighor/databases/(default)/collectionGroups/visitor_sessions/indexes [none]
[debug] [2026-06-17T20:44:19.346Z] >>> [apiv2][body] POST https://firestore.googleapis.com/v1/projects/amar-churighor/databases/(default)/collectionGroups/visitor_sessions/indexes {"fields":[{"fieldPath":"isActive","order":"ASCENDING"},{"fieldPath":"lastActivity","order":"ASCENDING"},{"fieldPath":"__name__","order":"ASCENDING"}],"queryScope":"COLLECTION"}
[debug] [2026-06-17T20:44:19.867Z] <<< [apiv2][status] POST https://firestore.googleapis.com/v1/projects/amar-churighor/databases/(default)/collectionGroups/visitor_sessions/indexes 200
[debug] [2026-06-17T20:44:19.867Z] <<< [apiv2][body] POST https://firestore.googleapis.com/v1/projects/amar-churighor/databases/(default)/collectionGroups/visitor_sessions/indexes {"name":"projects/amar-churighor/databases/(default)/operations/S01ZMmdpUGdBQ0lDDCoDIDUwMjAxODA0Y2VlMy04ZjhiLTUxNzQtYmZiMi0wNDIzMDFlOSQac2VuaWxlcGlwCQpBEg","metadata":{"@type":"type.googleapis.com/google.firestore.admin.v1.IndexOperationMetadata","startTime":"2026-06-17T20:44:19.737081Z","index":"projects/amar-churighor/databases/(default)/collectionGroups/visitor_sessions/indexes/CICAgPig2YMK","state":"INITIALIZING"}}
[debug] [2026-06-17T20:44:19.868Z] Skipping existing index: {"collectionGroup":"visitor_sessions","queryScope":"COLLECTION","fields":[{"fieldPath":"visitorId","order":"ASCENDING"},{"fieldPath":"sessionStart","order":"DESCENDING"},{"fieldPath":"__name__","order":"DESCENDING"}]}
[debug] [2026-06-17T20:44:19.868Z] Creating new index: {"collectionGroup":"visitor_sessions","queryScope":"COLLECTION","fields":[{"fieldPath":"visitCount","order":"ASCENDING"},{"fieldPath":"__name__","order":"ASCENDING"}]}
[debug] [2026-06-17T20:44:19.869Z] Checked if tokens are valid: true, expires at: 1781730898526
[debug] [2026-06-17T20:44:19.869Z] Checked if tokens are valid: true, expires at: 1781730898526
[debug] [2026-06-17T20:44:19.870Z] >>> [apiv2][query] POST https://firestore.googleapis.com/v1/projects/amar-churighor/databases/(default)/collectionGroups/visitor_sessions/indexes [none]
[debug] [2026-06-17T20:44:19.870Z] >>> [apiv2][body] POST https://firestore.googleapis.com/v1/projects/amar-churighor/databases/(default)/collectionGroups/visitor_sessions/indexes {"fields":[{"fieldPath":"visitCount","order":"ASCENDING"},{"fieldPath":"__name__","order":"ASCENDING"}],"queryScope":"COLLECTION"}
[debug] [2026-06-17T20:44:20.203Z] <<< [apiv2][status] POST https://firestore.googleapis.com/v1/projects/amar-churighor/databases/(default)/collectionGroups/visitor_sessions/indexes 400
[debug] [2026-06-17T20:44:20.203Z] <<< [apiv2][body] POST https://firestore.googleapis.com/v1/projects/amar-churighor/databases/(default)/collectionGroups/visitor_sessions/indexes {"error":{"code":400,"message":"this index is not necessary, configure using single field index controls","status":"INVALID_ARGUMENT"}}
[error] 
[error] Error: Request to https://firestore.googleapis.com/v1/projects/amar-churighor/databases/(default)/collectionGroups/visitor_sessions/indexes had HTTP Error: 400, this index is not necessary, configure using single field index controls
[debug] [2026-06-17T20:44:20.425Z] Error Context: {
  "body": {
    "error": {
      "code": 400,
      "message": "this index is not necessary, configure using single field index controls",
      "status": "INVALID_ARGUMENT"
    }
  },
  "response": {
    "statusCode": 400
  }
}
[debug] [2026-06-17T20:48:53.934Z] ----------------------------------------------------------------------
[debug] [2026-06-17T20:48:53.939Z] Command:       C:\Program Files\nodejs\node.exe C:\Users\iamji\AppData\Roaming\npm\node_modules\firebase-tools\lib\bin\firebase.js deploy --only firestore:indexes
[debug] [2026-06-17T20:48:53.939Z] CLI Version:   15.19.1
[debug] [2026-06-17T20:48:53.939Z] Platform:      win32
[debug] [2026-06-17T20:48:53.940Z] Node Version:  v22.11.0
[debug] [2026-06-17T20:48:53.940Z] Time:          Thu Jun 18 2026 02:48:53 GMT+0600 (Bangladesh Standard Time)
[debug] [2026-06-17T20:48:53.941Z] ----------------------------------------------------------------------
[debug] 
[debug] [2026-06-17T20:48:57.905Z] > command requires scopes: ["email","openid","https://www.googleapis.com/auth/cloudplatformprojects.readonly","https://www.googleapis.com/auth/firebase","https://www.googleapis.com/auth/cloud-platform"]
[debug] [2026-06-17T20:48:57.906Z] > authorizing via signed-in user (arianmd29@gmail.com)
[debug] [2026-06-17T20:48:57.907Z] [iam] checking project amar-churighor for permissions ["datastore.indexes.create","datastore.indexes.delete","datastore.indexes.list","datastore.indexes.update","firebase.projects.get"]
[debug] [2026-06-17T20:48:57.909Z] Checked if tokens are valid: true, expires at: 1781730898526
[debug] [2026-06-17T20:48:57.910Z] Checked if tokens are valid: true, expires at: 1781730898526
[debug] [2026-06-17T20:48:57.912Z] >>> [apiv2][query] POST https://cloudresourcemanager.googleapis.com/v1/projects/amar-churighor:testIamPermissions [none]
[debug] [2026-06-17T20:48:57.912Z] >>> [apiv2][(partial)header] POST https://cloudresourcemanager.googleapis.com/v1/projects/amar-churighor:testIamPermissions  x-goog-user-project=amar-churighor
[debug] [2026-06-17T20:48:57.913Z] >>> [apiv2][body] POST https://cloudresourcemanager.googleapis.com/v1/projects/amar-churighor:testIamPermissions {"permissions":["datastore.indexes.create","datastore.indexes.delete","datastore.indexes.list","datastore.indexes.update","firebase.projects.get"]}
[debug] [2026-06-17T20:48:58.370Z] <<< [apiv2][status] POST https://cloudresourcemanager.googleapis.com/v1/projects/amar-churighor:testIamPermissions 200
[debug] [2026-06-17T20:48:58.371Z] <<< [apiv2][body] POST https://cloudresourcemanager.googleapis.com/v1/projects/amar-churighor:testIamPermissions {"permissions":["datastore.indexes.create","datastore.indexes.delete","datastore.indexes.list","datastore.indexes.update","firebase.projects.get"]}
[info] 
[info] === Deploying to 'amar-churighor'...
[info] 
[info] i  deploying firestore 
[info] i  firestore: ensuring required API firestore.googleapis.com is enabled... 
[info] i  firestore: ensuring required API firestore.googleapis.com is enabled... 
[debug] [2026-06-17T20:48:58.379Z] Checked if tokens are valid: true, expires at: 1781730898526
[debug] [2026-06-17T20:48:58.379Z] Checked if tokens are valid: true, expires at: 1781730898526
[debug] [2026-06-17T20:48:58.379Z] >>> [apiv2][query] GET https://firestore.googleapis.com/v1/projects/amar-churighor/databases/(default) [none]
[debug] [2026-06-17T20:49:00.156Z] <<< [apiv2][status] GET https://firestore.googleapis.com/v1/projects/amar-churighor/databases/(default) 200
[debug] [2026-06-17T20:49:00.157Z] <<< [apiv2][body] GET https://firestore.googleapis.com/v1/projects/amar-churighor/databases/(default) {"name":"projects/amar-churighor/databases/(default)","uid":"d9706251-02f4-40a1-8f39-6611e76a17d9","createTime":"2026-04-16T06:06:47.481404Z","updateTime":"2026-04-16T06:06:47.481404Z","locationId":"nam5","type":"FIRESTORE_NATIVE","concurrencyMode":"PESSIMISTIC","versionRetentionPeriod":"3600s","earliestVersionTime":"2026-06-17T19:49:00.120648Z","appEngineIntegrationMode":"DISABLED","keyPrefix":"s","pointInTimeRecoveryEnablement":"POINT_IN_TIME_RECOVERY_DISABLED","deleteProtectionState":"DELETE_PROTECTION_DISABLED","databaseEdition":"STANDARD","freeTier":true,"realtimeUpdatesMode":"REALTIME_UPDATES_MODE_ENABLED","etag":"IKS0nYOTj5UDMPDbgunj9JQD"}
[info] i  firestore: reading indexes from firestore.indexes.json... 
[info] i  cloud.firestore: checking firestore.rules for compilation errors... 
[debug] [2026-06-17T20:49:00.161Z] Checked if tokens are valid: true, expires at: 1781730898526
[debug] [2026-06-17T20:49:00.161Z] Checked if tokens are valid: true, expires at: 1781730898526
[debug] [2026-06-17T20:49:00.162Z] >>> [apiv2][query] POST https://firebaserules.googleapis.com/v1/projects/amar-churighor:test [none]
[debug] [2026-06-17T20:49:00.162Z] >>> [apiv2][body] POST https://firebaserules.googleapis.com/v1/projects/amar-churighor:test [omitted]
[debug] [2026-06-17T20:49:01.626Z] <<< [apiv2][status] POST https://firebaserules.googleapis.com/v1/projects/amar-churighor:test 200
[debug] [2026-06-17T20:49:01.627Z] <<< [apiv2][body] POST https://firebaserules.googleapis.com/v1/projects/amar-churighor:test {}
[info] +  cloud.firestore: rules file firestore.rules compiled successfully 
[info] i  firestore: deploying indexes... 
[debug] [2026-06-17T20:49:01.632Z] Checked if tokens are valid: true, expires at: 1781730898526
[debug] [2026-06-17T20:49:01.632Z] Checked if tokens are valid: true, expires at: 1781730898526
[debug] [2026-06-17T20:49:01.633Z] >>> [apiv2][query] GET https://firestore.googleapis.com/v1/projects/amar-churighor/databases/(default)/collectionGroups/-/indexes [none]
[debug] [2026-06-17T20:49:02.018Z] <<< [apiv2][status] GET https://firestore.googleapis.com/v1/projects/amar-churighor/databases/(default)/collectionGroups/-/indexes 200
[debug] [2026-06-17T20:49:02.018Z] <<< [apiv2][body] GET https://firestore.googleapis.com/v1/projects/amar-churighor/databases/(default)/collectionGroups/-/indexes {"indexes":[{"name":"projects/amar-churighor/databases/(default)/collectionGroups/visitor_sessions/indexes/CICAgNiav4AK","queryScope":"COLLECTION","fields":[{"fieldPath":"lastActivity","order":"ASCENDING"},{"fieldPath":"isActive","order":"ASCENDING"},{"fieldPath":"__name__","order":"ASCENDING"}],"state":"READY","density":"SPARSE_ALL"},{"name":"projects/amar-churighor/databases/(default)/collectionGroups/orders/indexes/CICAgJim14AK","queryScope":"COLLECTION","fields":[{"fieldPath":"status","order":"ASCENDING"},{"fieldPath":"createdAt","order":"DESCENDING"},{"fieldPath":"__name__","order":"DESCENDING"}],"state":"READY","density":"SPARSE_ALL"},{"name":"projects/amar-churighor/databases/(default)/collectionGroups/products/indexes/CICAgLjy8IAK","queryScope":"COLLECTION","fields":[{"fieldPath":"isFeatured","order":"ASCENDING"},{"fieldPath":"isActive","order":"ASCENDING"},{"fieldPath":"__name__","order":"ASCENDING"}],"state":"READY","density":"SPARSE_ALL"},{"name":"projects/amar-churighor/databases/(default)/collectionGroups/products/indexes/CICAgOjXh4EK","queryScope":"COLLECTION","fields":[{"fieldPath":"isActive","order":"ASCENDING"},{"fieldPath":"isBestSeller","order":"ASCENDING"},{"fieldPath":"createdAt","order":"DESCENDING"},{"fieldPath":"__name__","order":"DESCENDING"}],"state":"READY","density":"SPARSE_ALL"},{"name":"projects/amar-churighor/databases/(default)/collectionGroups/products/indexes/CICAgNiroIEK","queryScope":"COLLECTION","fields":[{"fieldPath":"isBestSeller","order":"ASCENDING"},{"fieldPath":"isActive","order":"ASCENDING"},{"fieldPath":"__name__","order":"ASCENDING"}],"state":"READY","density":"SPARSE_ALL"},{"name":"projects/amar-churighor/databases/(default)/collectionGroups/analytics_monthly/indexes/CICAgJj7z4EK","queryScope":"COLLECTION","fields":[{"fieldPath":"month","order":"ASCENDING"},{"fieldPath":"updatedAt","order":"ASCENDING"},{"fieldPath":"__name__","order":"ASCENDING"}],"state":"READY","density":"SPARSE_ALL"},{"name":"projects/amar-churighor/databases/(default)/collectionGroups/visitor_sessions/indexes/CICAgLiT6IEK","queryScope":"COLLECTION","fields":[{"fieldPath":"sessionId","order":"ASCENDING"},{"fieldPath":"isActive","order":"ASCENDING"},{"fieldPath":"__name__","order":"ASCENDING"}],"state":"CREATING","density":"SPARSE_ALL"},{"name":"projects/amar-churighor/databases/(default)/collectionGroups/products/indexes/CICAgNjpgYIK","queryScope":"COLLECTION","fields":[{"fieldPath":"isActive","order":"ASCENDING"},{"fieldPath":"createdAt","order":"DESCENDING"},{"fieldPath":"__name__","order":"DESCENDING"}],"state":"READY","density":"SPARSE_ALL"},{"name":"projects/amar-churighor/databases/(default)/collectionGroups/faqs/indexes/CICAgLjRyYIK","queryScope":"COLLECTION","fields":[{"fieldPath":"isActive","order":"ASCENDING"},{"fieldPath":"sortOrder","order":"ASCENDING"},{"fieldPath":"__name__","order":"ASCENDING"}],"state":"READY","density":"SPARSE_ALL"},{"name":"projects/amar-churighor/databases/(default)/collectionGroups/analytics_daily/indexes/CICAgJjF9oIK","queryScope":"COLLECTION","fields":[{"fieldPath":"date","order":"ASCENDING"},{"fieldPath":"updatedAt","order":"ASCENDING"},{"fieldPath":"__name__","order":"ASCENDING"}],"state":"READY","density":"SPARSE_ALL"},{"name":"projects/amar-churighor/databases/(default)/collectionGroups/products/indexes/CICAgLiIkYMK","queryScope":"COLLECTION","fields":[{"fieldPath":"isActive","order":"ASCENDING"},{"fieldPath":"bestSellerScore","order":"ASCENDING"},{"fieldPath":"__name__","order":"ASCENDING"}],"state":"READY","density":"SPARSE_ALL"},{"name":"projects/amar-churighor/databases/(default)/collectionGroups/products/indexes/CICAgJiUpoMK","queryScope":"COLLECTION","fields":[{"fieldPath":"isActive","order":"ASCENDING"},{"fieldPath":"bestSellerScore","order":"DESCENDING"},{"fieldPath":"__name__","order":"DESCENDING"}],"state":"READY","density":"SPARSE_ALL"},{"name":"projects/amar-churighor/databases/(default)/collectionGroups/visitor_sessions/indexes/CICAgPig2YMK","queryScope":"COLLECTION","fields":[{"fieldPath":"isActive","order":"ASCENDING"},{"fieldPath":"lastActivity","order":"ASCENDING"},{"fieldPath":"__name__","order":"ASCENDING"}],"state":"CREATING","density":"SPARSE_ALL"},{"name":"projects/amar-churighor/databases/(default)/collectionGroups/visitor_sessions/indexes/CICAgNi47oMK","queryScope":"COLLECTION","fields":[{"fieldPath":"sessionId","order":"ASCENDING"},{"fieldPath":"sessionStart","order":"DESCENDING"},{"fieldPath":"__name__","order":"DESCENDING"}],"state":"READY","density":"SPARSE_ALL"},{"name":"projects/amar-churighor/databases/(default)/collectionGroups/orders/indexes/CICAgJjmnIgK","queryScope":"COLLECTION","fields":[{"fieldPath":"customer.email","order":"ASCENDING"},{"fieldPath":"createdAt","order":"DESCENDING"},{"fieldPath":"__name__","order":"DESCENDING"}],"state":"READY","density":"SPARSE_ALL"},{"name":"projects/amar-churighor/databases/(default)/collectionGroups/products/indexes/CICAgJjFvYoK","queryScope":"COLLECTION","fields":[{"fieldPath":"category","order":"ASCENDING"},{"fieldPath":"isActive","order":"ASCENDING"},{"fieldPath":"__name__","order":"DESCENDING"}],"state":"READY","density":"SPARSE_ALL"},{"name":"projects/amar-churighor/databases/(default)/collectionGroups/categories/indexes/CICAgNi4o4sK","queryScope":"COLLECTION","fields":[{"fieldPath":"isActive","order":"ASCENDING"},{"fieldPath":"sortOrder","order":"ASCENDING"},{"fieldPath":"__name__","order":"ASCENDING"}],"state":"READY","density":"SPARSE_ALL"},{"name":"projects/amar-churighor/databases/(default)/collectionGroups/products/indexes/CICAgOi3kJAK","queryScope":"COLLECTION","fields":[{"fieldPath":"isNewArrival","order":"ASCENDING"},{"fieldPath":"isActive","order":"ASCENDING"},{"fieldPath":"createdAt","order":"DESCENDING"},{"fieldPath":"__name__","order":"DESCENDING"}],"state":"READY","density":"SPARSE_ALL"},{"name":"projects/amar-churighor/databases/(default)/collectionGroups/hero_slides/indexes/CICAgJiH2JAK","queryScope":"COLLECTION","fields":[{"fieldPath":"isActive","order":"ASCENDING"},{"fieldPath":"sortOrder","order":"ASCENDING"},{"fieldPath":"__name__","order":"ASCENDING"}],"state":"READY","density":"SPARSE_ALL"},{"name":"projects/amar-churighor/databases/(default)/collectionGroups/campaigns/indexes/CICAgJjmiJEK","queryScope":"COLLECTION","fields":[{"fieldPath":"priority","order":"DESCENDING"},{"fieldPath":"createdAt","order":"DESCENDING"},{"fieldPath":"__name__","order":"DESCENDING"}],"state":"READY","density":"SPARSE_ALL"},{"name":"projects/amar-churighor/databases/(default)/collectionGroups/orders/indexes/CICAgJiUsZIK","queryScope":"COLLECTION","fields":[{"fieldPath":"anonymousId","order":"ASCENDING"},{"fieldPath":"createdAt","order":"DESCENDING"},{"fieldPath":"__name__","order":"DESCENDING"}],"state":"READY","density":"SPARSE_ALL"},{"name":"projects/amar-churighor/databases/(default)/collectionGroups/reviews/indexes/CICAgNi4-ZIK","queryScope":"COLLECTION","fields":[{"fieldPath":"isActive","order":"ASCENDING"},{"fieldPath":"displayOrder","order":"ASCENDING"},{"fieldPath":"__name__","order":"ASCENDING"}],"state":"READY","density":"SPARSE_ALL"},{"name":"projects/amar-churighor/databases/(default)/collectionGroups/visitor_sessions/indexes/CICAgJjFqZMK","queryScope":"COLLECTION","fields":[{"fieldPath":"visitorId","order":"ASCENDING"},{"fieldPath":"sessionStart","order":"DESCENDING"},{"fieldPath":"__name__","order":"DESCENDING"}],"state":"READY","density":"SPARSE_ALL"}]}
[debug] [2026-06-17T20:49:02.019Z] Checked if tokens are valid: true, expires at: 1781730898526
[debug] [2026-06-17T20:49:02.020Z] Checked if tokens are valid: true, expires at: 1781730898526
[debug] [2026-06-17T20:49:02.020Z] >>> [apiv2][query] GET https://firestore.googleapis.com/v1/projects/amar-churighor/databases/(default)/collectionGroups/-/fields?filter=indexConfig.usesAncestorConfig=false OR ttlConfig:* [none]
[debug] [2026-06-17T20:49:02.365Z] <<< [apiv2][status] GET https://firestore.googleapis.com/v1/projects/amar-churighor/databases/(default)/collectionGroups/-/fields?filter=indexConfig.usesAncestorConfig=false OR ttlConfig:* 200
[debug] [2026-06-17T20:49:02.366Z] <<< [apiv2][body] GET https://firestore.googleapis.com/v1/projects/amar-churighor/databases/(default)/collectionGroups/-/fields?filter=indexConfig.usesAncestorConfig=false OR ttlConfig:* {"fields":[{"name":"projects/amar-churighor/databases/(default)/collectionGroups/__default__/fields/*","indexConfig":{"indexes":[{"queryScope":"COLLECTION","fields":[{"fieldPath":"*","order":"ASCENDING"}],"state":"READY"},{"queryScope":"COLLECTION","fields":[{"fieldPath":"*","order":"DESCENDING"}],"state":"READY"},{"queryScope":"COLLECTION","fields":[{"fieldPath":"*","arrayConfig":"CONTAINS"}],"state":"READY"}]}}]}
[debug] [2026-06-17T20:49:02.366Z] Checked if tokens are valid: true, expires at: 1781730898526
[debug] [2026-06-17T20:49:02.366Z] Checked if tokens are valid: true, expires at: 1781730898526
[debug] [2026-06-17T20:49:02.367Z] >>> [apiv2][query] GET https://firestore.googleapis.com/v1/projects/amar-churighor/databases/(default) [none]
[debug] [2026-06-17T20:49:02.710Z] <<< [apiv2][status] GET https://firestore.googleapis.com/v1/projects/amar-churighor/databases/(default) 200
[debug] [2026-06-17T20:49:02.710Z] <<< [apiv2][body] GET https://firestore.googleapis.com/v1/projects/amar-churighor/databases/(default) {"name":"projects/amar-churighor/databases/(default)","uid":"d9706251-02f4-40a1-8f39-6611e76a17d9","createTime":"2026-04-16T06:06:47.481404Z","updateTime":"2026-04-16T06:06:47.481404Z","locationId":"nam5","type":"FIRESTORE_NATIVE","concurrencyMode":"PESSIMISTIC","versionRetentionPeriod":"3600s","earliestVersionTime":"2026-06-17T19:49:02.673527Z","appEngineIntegrationMode":"DISABLED","keyPrefix":"s","pointInTimeRecoveryEnablement":"POINT_IN_TIME_RECOVERY_DISABLED","deleteProtectionState":"DELETE_PROTECTION_DISABLED","databaseEdition":"STANDARD","freeTier":true,"realtimeUpdatesMode":"REALTIME_UPDATES_MODE_ENABLED","etag":"IL6euYSTj5UDMPDbgunj9JQD"}
[info] i  firestore: there are 4 indexes defined in your project that are not present in your firestore indexes file. To delete them, run this command with the --force flag. 
[debug] [2026-06-17T20:49:02.713Z] Skipping existing index: {"collectionGroup":"products","queryScope":"COLLECTION","fields":[{"fieldPath":"isActive","order":"ASCENDING"},{"fieldPath":"isBestSeller","order":"ASCENDING"},{"fieldPath":"createdAt","order":"DESCENDING"},{"fieldPath":"__name__","order":"DESCENDING"}]}
[debug] [2026-06-17T20:49:02.713Z] Skipping existing index: {"collectionGroup":"products","queryScope":"COLLECTION","fields":[{"fieldPath":"isActive","order":"ASCENDING"},{"fieldPath":"bestSellerScore","order":"DESCENDING"},{"fieldPath":"__name__","order":"DESCENDING"}]}
[debug] [2026-06-17T20:49:02.713Z] Skipping existing index: {"collectionGroup":"products","queryScope":"COLLECTION","fields":[{"fieldPath":"isActive","order":"ASCENDING"},{"fieldPath":"createdAt","order":"DESCENDING"},{"fieldPath":"__name__","order":"DESCENDING"}]}
[debug] [2026-06-17T20:49:02.713Z] Skipping existing index: {"collectionGroup":"products","queryScope":"COLLECTION","fields":[{"fieldPath":"category","order":"ASCENDING"},{"fieldPath":"isActive","order":"ASCENDING"},{"fieldPath":"__name__","order":"DESCENDING"}]}
[debug] [2026-06-17T20:49:02.713Z] Skipping existing index: {"collectionGroup":"products","queryScope":"COLLECTION","fields":[{"fieldPath":"isBestSeller","order":"ASCENDING"},{"fieldPath":"isActive","order":"ASCENDING"},{"fieldPath":"__name__","order":"ASCENDING"}]}
[debug] [2026-06-17T20:49:02.713Z] Skipping existing index: {"collectionGroup":"products","queryScope":"COLLECTION","fields":[{"fieldPath":"isActive","order":"ASCENDING"},{"fieldPath":"bestSellerScore","order":"ASCENDING"},{"fieldPath":"__name__","order":"ASCENDING"}]}
[debug] [2026-06-17T20:49:02.713Z] Skipping existing index: {"collectionGroup":"products","queryScope":"COLLECTION","fields":[{"fieldPath":"isNewArrival","order":"ASCENDING"},{"fieldPath":"isActive","order":"ASCENDING"},{"fieldPath":"createdAt","order":"DESCENDING"},{"fieldPath":"__name__","order":"DESCENDING"}]}
[debug] [2026-06-17T20:49:02.714Z] Skipping existing index: {"collectionGroup":"products","queryScope":"COLLECTION","fields":[{"fieldPath":"isFeatured","order":"ASCENDING"},{"fieldPath":"isActive","order":"ASCENDING"},{"fieldPath":"__name__","order":"ASCENDING"}]}
[debug] [2026-06-17T20:49:02.714Z] Skipping existing index: {"collectionGroup":"orders","queryScope":"COLLECTION","fields":[{"fieldPath":"status","order":"ASCENDING"},{"fieldPath":"createdAt","order":"DESCENDING"},{"fieldPath":"__name__","order":"DESCENDING"}]}
[debug] [2026-06-17T20:49:02.714Z] Skipping existing index: {"collectionGroup":"orders","queryScope":"COLLECTION","fields":[{"fieldPath":"anonymousId","order":"ASCENDING"},{"fieldPath":"createdAt","order":"DESCENDING"},{"fieldPath":"__name__","order":"DESCENDING"}]}
[debug] [2026-06-17T20:49:02.714Z] Skipping existing index: {"collectionGroup":"orders","queryScope":"COLLECTION","fields":[{"fieldPath":"customer.email","order":"ASCENDING"},{"fieldPath":"createdAt","order":"DESCENDING"},{"fieldPath":"__name__","order":"DESCENDING"}]}
[debug] [2026-06-17T20:49:02.714Z] Skipping existing index: {"collectionGroup":"reviews","queryScope":"COLLECTION","fields":[{"fieldPath":"isActive","order":"ASCENDING"},{"fieldPath":"displayOrder","order":"ASCENDING"},{"fieldPath":"__name__","order":"ASCENDING"}]}
[debug] [2026-06-17T20:49:02.714Z] Skipping existing index: {"collectionGroup":"faqs","queryScope":"COLLECTION","fields":[{"fieldPath":"isActive","order":"ASCENDING"},{"fieldPath":"sortOrder","order":"ASCENDING"},{"fieldPath":"__name__","order":"ASCENDING"}]}
[debug] [2026-06-17T20:49:02.714Z] Skipping existing index: {"collectionGroup":"hero_slides","queryScope":"COLLECTION","fields":[{"fieldPath":"isActive","order":"ASCENDING"},{"fieldPath":"sortOrder","order":"ASCENDING"},{"fieldPath":"__name__","order":"ASCENDING"}]}
[debug] [2026-06-17T20:49:02.714Z] Skipping existing index: {"collectionGroup":"categories","queryScope":"COLLECTION","fields":[{"fieldPath":"isActive","order":"ASCENDING"},{"fieldPath":"sortOrder","order":"ASCENDING"},{"fieldPath":"__name__","order":"ASCENDING"}]}
[debug] [2026-06-17T20:49:02.715Z] Skipping existing index: {"collectionGroup":"visitor_sessions","queryScope":"COLLECTION","fields":[{"fieldPath":"sessionId","order":"ASCENDING"},{"fieldPath":"isActive","order":"ASCENDING"},{"fieldPath":"__name__","order":"ASCENDING"}]}
[debug] [2026-06-17T20:49:02.715Z] Skipping existing index: {"collectionGroup":"visitor_sessions","queryScope":"COLLECTION","fields":[{"fieldPath":"isActive","order":"ASCENDING"},{"fieldPath":"lastActivity","order":"ASCENDING"},{"fieldPath":"__name__","order":"ASCENDING"}]}
[debug] [2026-06-17T20:49:02.715Z] Skipping existing index: {"collectionGroup":"visitor_sessions","queryScope":"COLLECTION","fields":[{"fieldPath":"visitorId","order":"ASCENDING"},{"fieldPath":"sessionStart","order":"DESCENDING"},{"fieldPath":"__name__","order":"DESCENDING"}]}
[debug] [2026-06-17T20:49:02.715Z] Creating new index: {"collectionGroup":"visitor_sessions","queryScope":"COLLECTION","fields":[{"fieldPath":"sessionStart","order":"ASCENDING"},{"fieldPath":"deviceType","order":"ASCENDING"},{"fieldPath":"__name__","order":"ASCENDING"}]}
[debug] [2026-06-17T20:49:02.715Z] Checked if tokens are valid: true, expires at: 1781730898526
[debug] [2026-06-17T20:49:02.716Z] Checked if tokens are valid: true, expires at: 1781730898526
[debug] [2026-06-17T20:49:02.716Z] >>> [apiv2][query] POST https://firestore.googleapis.com/v1/projects/amar-churighor/databases/(default)/collectionGroups/visitor_sessions/indexes [none]
[debug] [2026-06-17T20:49:02.716Z] >>> [apiv2][body] POST https://firestore.googleapis.com/v1/projects/amar-churighor/databases/(default)/collectionGroups/visitor_sessions/indexes {"fields":[{"fieldPath":"sessionStart","order":"ASCENDING"},{"fieldPath":"deviceType","order":"ASCENDING"},{"fieldPath":"__name__","order":"ASCENDING"}],"queryScope":"COLLECTION"}
[debug] [2026-06-17T20:49:03.180Z] <<< [apiv2][status] POST https://firestore.googleapis.com/v1/projects/amar-churighor/databases/(default)/collectionGroups/visitor_sessions/indexes 200
[debug] [2026-06-17T20:49:03.181Z] <<< [apiv2][body] POST https://firestore.googleapis.com/v1/projects/amar-churighor/databases/(default)/collectionGroups/visitor_sessions/indexes {"name":"projects/amar-churighor/databases/(default)/operations/Sm9ZdkZqSmdBQ0lDDCoDIGViZTJkZWY2YTQ5OC1hMmQ4LTE3MTQtOTk5OS1hNDQ3M2UzZSQac2VuaWxlcGlwCQpBEg","metadata":{"@type":"type.googleapis.com/google.firestore.admin.v1.IndexOperationMetadata","startTime":"2026-06-17T20:49:03.063908Z","index":"projects/amar-churighor/databases/(default)/collectionGroups/visitor_sessions/indexes/CICAgJjFvYoJ","state":"INITIALIZING"}}
[debug] [2026-06-17T20:49:03.181Z] Creating new index: {"collectionGroup":"page_views","queryScope":"COLLECTION","fields":[{"fieldPath":"sessionId","order":"ASCENDING"},{"fieldPath":"timestamp","order":"ASCENDING"}]}
[debug] [2026-06-17T20:49:03.181Z] Checked if tokens are valid: true, expires at: 1781730898526
[debug] [2026-06-17T20:49:03.181Z] Checked if tokens are valid: true, expires at: 1781730898526
[debug] [2026-06-17T20:49:03.182Z] >>> [apiv2][query] POST https://firestore.googleapis.com/v1/projects/amar-churighor/databases/(default)/collectionGroups/page_views/indexes [none]
[debug] [2026-06-17T20:49:03.182Z] >>> [apiv2][body] POST https://firestore.googleapis.com/v1/projects/amar-churighor/databases/(default)/collectionGroups/page_views/indexes {"fields":[{"fieldPath":"sessionId","order":"ASCENDING"},{"fieldPath":"timestamp","order":"ASCENDING"}],"queryScope":"COLLECTION"}
[debug] [2026-06-17T20:49:03.649Z] <<< [apiv2][status] POST https://firestore.googleapis.com/v1/projects/amar-churighor/databases/(default)/collectionGroups/page_views/indexes 200
[debug] [2026-06-17T20:49:03.649Z] <<< [apiv2][body] POST https://firestore.googleapis.com/v1/projects/amar-churighor/databases/(default)/collectionGroups/page_views/indexes {"name":"projects/amar-churighor/databases/(default)/operations/S281dDRpTmdBQ0lDDCoDIGIwYzJmOTg0ZjRiNi1lNGNhLWRhOTQtMWYzNi01NGEzMDkyOCQac2VuaWxlcGlwCQpBEg","metadata":{"@type":"type.googleapis.com/google.firestore.admin.v1.IndexOperationMetadata","startTime":"2026-06-17T20:49:03.561220Z","index":"projects/amar-churighor/databases/(default)/collectionGroups/page_views/indexes/CICAgNi4t5oK","state":"INITIALIZING"}}
[debug] [2026-06-17T20:49:03.649Z] Creating new index: {"collectionGroup":"page_views","queryScope":"COLLECTION","fields":[{"fieldPath":"timestamp","order":"ASCENDING"},{"fieldPath":"__name__","order":"DESCENDING"}]}
[debug] [2026-06-17T20:49:03.650Z] Checked if tokens are valid: true, expires at: 1781730898526
[debug] [2026-06-17T20:49:03.650Z] Checked if tokens are valid: true, expires at: 1781730898526
[debug] [2026-06-17T20:49:03.650Z] >>> [apiv2][query] POST https://firestore.googleapis.com/v1/projects/amar-churighor/databases/(default)/collectionGroups/page_views/indexes [none]
[debug] [2026-06-17T20:49:03.650Z] >>> [apiv2][body] POST https://firestore.googleapis.com/v1/projects/amar-churighor/databases/(default)/collectionGroups/page_views/indexes {"fields":[{"fieldPath":"timestamp","order":"ASCENDING"},{"fieldPath":"__name__","order":"DESCENDING"}],"queryScope":"COLLECTION"}
[debug] [2026-06-17T20:49:04.084Z] <<< [apiv2][status] POST https://firestore.googleapis.com/v1/projects/amar-churighor/databases/(default)/collectionGroups/page_views/indexes 200
[debug] [2026-06-17T20:49:04.084Z] <<< [apiv2][body] POST https://firestore.googleapis.com/v1/projects/amar-churighor/databases/(default)/collectionGroups/page_views/indexes {"name":"projects/amar-churighor/databases/(default)/operations/SklZeVJqTGdBQ0lDDCoDIDliODIzZWRkMmMzNy0zMWY4LTc3YzQtY2IyMS02NmU3MWY4OSQac2VuaWxlcGlwCQpBEg","metadata":{"@type":"type.googleapis.com/google.firestore.admin.v1.IndexOperationMetadata","startTime":"2026-06-17T20:49:04.000210Z","index":"projects/amar-churighor/databases/(default)/collectionGroups/page_views/indexes/CICAgLjRyYIJ","state":"INITIALIZING"}}
[debug] [2026-06-17T20:49:04.085Z] Creating new index: {"collectionGroup":"product_views","queryScope":"COLLECTION","fields":[{"fieldPath":"sessionId","order":"ASCENDING"},{"fieldPath":"timestamp","order":"ASCENDING"}]}
[debug] [2026-06-17T20:49:04.085Z] Checked if tokens are valid: true, expires at: 1781730898526
[debug] [2026-06-17T20:49:04.085Z] Checked if tokens are valid: true, expires at: 1781730898526
[debug] [2026-06-17T20:49:04.086Z] >>> [apiv2][query] POST https://firestore.googleapis.com/v1/projects/amar-churighor/databases/(default)/collectionGroups/product_views/indexes [none]
[debug] [2026-06-17T20:49:04.086Z] >>> [apiv2][body] POST https://firestore.googleapis.com/v1/projects/amar-churighor/databases/(default)/collectionGroups/product_views/indexes {"fields":[{"fieldPath":"sessionId","order":"ASCENDING"},{"fieldPath":"timestamp","order":"ASCENDING"}],"queryScope":"COLLECTION"}
[debug] [2026-06-17T20:49:04.559Z] <<< [apiv2][status] POST https://firestore.googleapis.com/v1/projects/amar-churighor/databases/(default)/collectionGroups/product_views/indexes 200
[debug] [2026-06-17T20:49:04.559Z] <<< [apiv2][body] POST https://firestore.googleapis.com/v1/projects/amar-churighor/databases/(default)/collectionGroups/product_views/indexes {"name":"projects/amar-churighor/databases/(default)/operations/S0FJaENqUGdBQ0lDDCoDIDlhNTgxYzBkNTU1My0yZWVhLTAyNDQtM2Y1NC1iYTdjNTE5MyQac2VuaWxlcGlwCQpBEg","metadata":{"@type":"type.googleapis.com/google.firestore.admin.v1.IndexOperationMetadata","startTime":"2026-06-17T20:49:04.446594Z","index":"projects/amar-churighor/databases/(default)/collectionGroups/product_views/indexes/CICAgPjChIAK","state":"INITIALIZING"}}
[debug] [2026-06-17T20:49:04.559Z] Creating new index: {"collectionGroup":"product_views","queryScope":"COLLECTION","fields":[{"fieldPath":"timestamp","order":"ASCENDING"},{"fieldPath":"__name__","order":"DESCENDING"}]}
[debug] [2026-06-17T20:49:04.560Z] Checked if tokens are valid: true, expires at: 1781730898526
[debug] [2026-06-17T20:49:04.560Z] Checked if tokens are valid: true, expires at: 1781730898526
[debug] [2026-06-17T20:49:04.560Z] >>> [apiv2][query] POST https://firestore.googleapis.com/v1/projects/amar-churighor/databases/(default)/collectionGroups/product_views/indexes [none]
[debug] [2026-06-17T20:49:04.560Z] >>> [apiv2][body] POST https://firestore.googleapis.com/v1/projects/amar-churighor/databases/(default)/collectionGroups/product_views/indexes {"fields":[{"fieldPath":"timestamp","order":"ASCENDING"},{"fieldPath":"__name__","order":"DESCENDING"}],"queryScope":"COLLECTION"}
[debug] [2026-06-17T20:49:05.031Z] <<< [apiv2][status] POST https://firestore.googleapis.com/v1/projects/amar-churighor/databases/(default)/collectionGroups/product_views/indexes 200
[debug] [2026-06-17T20:49:05.031Z] <<< [apiv2][body] POST https://firestore.googleapis.com/v1/projects/amar-churighor/databases/(default)/collectionGroups/product_views/indexes {"name":"projects/amar-churighor/databases/(default)/operations/Sk1Za0lpTGdBQ0lDDCoDIDUwZmVjN2ViNDRjOC00MWZiLWI5ZTQtMjBmYi00YzMxZWNiYiQac2VuaWxlcGlwCQpBEg","metadata":{"@type":"type.googleapis.com/google.firestore.admin.v1.IndexOperationMetadata","startTime":"2026-06-17T20:49:04.909854Z","index":"projects/amar-churighor/databases/(default)/collectionGroups/product_views/indexes/CICAgLiIkYMJ","state":"INITIALIZING"}}
[debug] [2026-06-17T20:49:05.031Z] Skipping existing index: {"collectionGroup":"campaigns","queryScope":"COLLECTION","fields":[{"fieldPath":"priority","order":"DESCENDING"},{"fieldPath":"createdAt","order":"DESCENDING"},{"fieldPath":"__name__","order":"DESCENDING"}]}
[info] +  firestore: deployed indexes in firestore.indexes.json successfully for (default) database 
[info] 
[info] +  Deploy complete! 
[info] 
[info] Project Console: https://console.firebase.google.com/project/amar-churighor/overview
[debug] [2026-06-18T22:10:57.092Z] ----------------------------------------------------------------------
[debug] [2026-06-18T22:10:57.096Z] Command:       C:\Program Files\nodejs\node.exe C:\Users\iamji\AppData\Roaming\npm\node_modules\firebase-tools\lib\bin\firebase.js deploy --only firestore:rules
[debug] [2026-06-18T22:10:57.096Z] CLI Version:   15.19.1
[debug] [2026-06-18T22:10:57.096Z] Platform:      win32
[debug] [2026-06-18T22:10:57.097Z] Node Version:  v22.11.0
[debug] [2026-06-18T22:10:57.097Z] Time:          Fri Jun 19 2026 04:10:57 GMT+0600 (Bangladesh Standard Time)
[debug] [2026-06-18T22:10:57.097Z] ----------------------------------------------------------------------
[debug] 
[debug] [2026-06-18T22:10:57.099Z] >>> [apiv2][query] GET https://firebase-public.firebaseio.com/cli.json [none]
[debug] [2026-06-18T22:11:00.888Z] > command requires scopes: ["email","openid","https://www.googleapis.com/auth/cloudplatformprojects.readonly","https://www.googleapis.com/auth/firebase","https://www.googleapis.com/auth/cloud-platform"]
[debug] [2026-06-18T22:11:00.889Z] > authorizing via signed-in user (arianmd29@gmail.com)
[debug] [2026-06-18T22:11:00.889Z] [iam] checking project amar-churighor for permissions ["datastore.indexes.create","datastore.indexes.delete","datastore.indexes.list","datastore.indexes.update","firebase.projects.get"]
[debug] [2026-06-18T22:11:00.890Z] Checked if tokens are valid: false, expires at: 1781730898526
[debug] [2026-06-18T22:11:00.890Z] Checked if tokens are valid: false, expires at: 1781730898526
[debug] [2026-06-18T22:11:00.891Z] > refreshing access token with scopes: []
[debug] [2026-06-18T22:11:00.892Z] >>> [apiv2][query] POST https://www.googleapis.com/oauth2/v3/token [none]
[debug] [2026-06-18T22:11:00.892Z] >>> [apiv2][body] POST https://www.googleapis.com/oauth2/v3/token [omitted]
[debug] [2026-06-18T22:11:01.133Z] <<< [apiv2][status] POST https://www.googleapis.com/oauth2/v3/token 200
[debug] [2026-06-18T22:11:01.133Z] <<< [apiv2][body] POST https://www.googleapis.com/oauth2/v3/token [omitted]
[debug] [2026-06-18T22:11:01.145Z] >>> [apiv2][query] POST https://cloudresourcemanager.googleapis.com/v1/projects/amar-churighor:testIamPermissions [none]
[debug] [2026-06-18T22:11:01.145Z] >>> [apiv2][(partial)header] POST https://cloudresourcemanager.googleapis.com/v1/projects/amar-churighor:testIamPermissions  x-goog-user-project=amar-churighor
[debug] [2026-06-18T22:11:01.145Z] >>> [apiv2][body] POST https://cloudresourcemanager.googleapis.com/v1/projects/amar-churighor:testIamPermissions {"permissions":["datastore.indexes.create","datastore.indexes.delete","datastore.indexes.list","datastore.indexes.update","firebase.projects.get"]}
[debug] [2026-06-18T22:11:01.538Z] <<< [apiv2][status] GET https://firebase-public.firebaseio.com/cli.json 200
[debug] [2026-06-18T22:11:01.538Z] <<< [apiv2][body] GET https://firebase-public.firebaseio.com/cli.json {"cloudBuildErrorAfter":1594252800000,"cloudBuildWarnAfter":1590019200000,"defaultNode10After":1594252800000,"minVersion":"3.0.5","node8DeploysDisabledAfter":1613390400000,"node8RuntimeDisabledAfter":1615809600000,"node8WarnAfter":1600128000000}
[debug] [2026-06-18T22:11:02.684Z] <<< [apiv2][status] POST https://cloudresourcemanager.googleapis.com/v1/projects/amar-churighor:testIamPermissions 200
[debug] [2026-06-18T22:11:02.684Z] <<< [apiv2][body] POST https://cloudresourcemanager.googleapis.com/v1/projects/amar-churighor:testIamPermissions {"permissions":["datastore.indexes.create","datastore.indexes.delete","datastore.indexes.list","datastore.indexes.update","firebase.projects.get"]}
[info] 
[info] === Deploying to 'amar-churighor'...
[info] 
[info] i  deploying firestore 
[info] i  firestore: ensuring required API firestore.googleapis.com is enabled... 
[info] i  firestore: ensuring required API firestore.googleapis.com is enabled... 
[debug] [2026-06-18T22:11:02.692Z] Checked if tokens are valid: true, expires at: 1781824260133
[debug] [2026-06-18T22:11:02.692Z] Checked if tokens are valid: true, expires at: 1781824260133
[debug] [2026-06-18T22:11:02.692Z] >>> [apiv2][query] GET https://firestore.googleapis.com/v1/projects/amar-churighor/databases/(default) [none]
[debug] [2026-06-18T22:11:04.493Z] <<< [apiv2][status] GET https://firestore.googleapis.com/v1/projects/amar-churighor/databases/(default) 200
[debug] [2026-06-18T22:11:04.494Z] <<< [apiv2][body] GET https://firestore.googleapis.com/v1/projects/amar-churighor/databases/(default) {"name":"projects/amar-churighor/databases/(default)","uid":"d9706251-02f4-40a1-8f39-6611e76a17d9","createTime":"2026-04-16T06:06:47.481404Z","updateTime":"2026-04-16T06:06:47.481404Z","locationId":"nam5","type":"FIRESTORE_NATIVE","concurrencyMode":"PESSIMISTIC","versionRetentionPeriod":"3600s","earliestVersionTime":"2026-06-18T21:11:04.729594Z","appEngineIntegrationMode":"DISABLED","keyPrefix":"s","pointInTimeRecoveryEnablement":"POINT_IN_TIME_RECOVERY_DISABLED","deleteProtectionState":"DELETE_PROTECTION_DISABLED","databaseEdition":"STANDARD","freeTier":true,"realtimeUpdatesMode":"REALTIME_UPDATES_MODE_ENABLED","etag":"ILmZmZ7nkZUDMPDbgunj9JQD"}
[info] i  firestore: reading indexes from firestore.indexes.json... 
[info] i  cloud.firestore: checking firestore.rules for compilation errors... 
[debug] [2026-06-18T22:11:04.626Z] Checked if tokens are valid: true, expires at: 1781824260133
[debug] [2026-06-18T22:11:04.626Z] Checked if tokens are valid: true, expires at: 1781824260133
[debug] [2026-06-18T22:11:04.627Z] >>> [apiv2][query] POST https://firebaserules.googleapis.com/v1/projects/amar-churighor:test [none]
[debug] [2026-06-18T22:11:04.627Z] >>> [apiv2][body] POST https://firebaserules.googleapis.com/v1/projects/amar-churighor:test [omitted]
[debug] [2026-06-18T22:11:06.248Z] <<< [apiv2][status] POST https://firebaserules.googleapis.com/v1/projects/amar-churighor:test 200
[debug] [2026-06-18T22:11:06.249Z] <<< [apiv2][body] POST https://firebaserules.googleapis.com/v1/projects/amar-churighor:test {}
[info] +  cloud.firestore: rules file firestore.rules compiled successfully 
[debug] [2026-06-18T22:11:06.252Z] Checked if tokens are valid: true, expires at: 1781824260133
[debug] [2026-06-18T22:11:06.252Z] Checked if tokens are valid: true, expires at: 1781824260133
[debug] [2026-06-18T22:11:06.252Z] >>> [apiv2][query] GET https://firebaserules.googleapis.com/v1/projects/amar-churighor/releases pageSize=10&pageToken=
[debug] [2026-06-18T22:11:07.646Z] <<< [apiv2][status] GET https://firebaserules.googleapis.com/v1/projects/amar-churighor/releases 200
[debug] [2026-06-18T22:11:07.647Z] <<< [apiv2][body] GET https://firebaserules.googleapis.com/v1/projects/amar-churighor/releases {"releases":[{"name":"projects/amar-churighor/releases/cloud.firestore","rulesetName":"projects/amar-churighor/rulesets/ca81a6ee-fe3c-477f-9a0b-d05d2f65318d","createTime":"2026-04-16T06:06:53.419068Z","updateTime":"2026-06-17T20:22:44.027882Z"}]}
[debug] [2026-06-18T22:11:07.648Z] Checked if tokens are valid: true, expires at: 1781824260133
[debug] [2026-06-18T22:11:07.649Z] Checked if tokens are valid: true, expires at: 1781824260133
[debug] [2026-06-18T22:11:07.650Z] >>> [apiv2][query] GET https://firebaserules.googleapis.com/v1/projects/amar-churighor/rulesets/ca81a6ee-fe3c-477f-9a0b-d05d2f65318d [none]
[debug] [2026-06-18T22:11:08.010Z] <<< [apiv2][status] GET https://firebaserules.googleapis.com/v1/projects/amar-churighor/rulesets/ca81a6ee-fe3c-477f-9a0b-d05d2f65318d 200
[debug] [2026-06-18T22:11:08.011Z] <<< [apiv2][body] GET https://firebaserules.googleapis.com/v1/projects/amar-churighor/rulesets/ca81a6ee-fe3c-477f-9a0b-d05d2f65318d [omitted]
[info] i  firestore: uploading rules firestore.rules... 
[debug] [2026-06-18T22:11:08.014Z] Checked if tokens are valid: true, expires at: 1781824260133
[debug] [2026-06-18T22:11:08.014Z] Checked if tokens are valid: true, expires at: 1781824260133
[debug] [2026-06-18T22:11:08.014Z] >>> [apiv2][query] POST https://firebaserules.googleapis.com/v1/projects/amar-churighor/rulesets [none]
[debug] [2026-06-18T22:11:08.014Z] >>> [apiv2][body] POST https://firebaserules.googleapis.com/v1/projects/amar-churighor/rulesets [omitted]
[debug] [2026-06-18T22:11:09.618Z] <<< [apiv2][status] POST https://firebaserules.googleapis.com/v1/projects/amar-churighor/rulesets 200
[debug] [2026-06-18T22:11:09.619Z] <<< [apiv2][body] POST https://firebaserules.googleapis.com/v1/projects/amar-churighor/rulesets {"name":"projects/amar-churighor/rulesets/0132e6d2-e4d9-41f1-a493-1177ec1a4885","source":{"files":[{"content":"rules_version = '2';\n\nservice cloud.firestore {\n  match /databases/{database}/documents {\n\n    // =====================================================\n    // CORE HELPERS\n    // =====================================================\n\n    function isSignedIn() {\n      return request.auth != null;\n    }\n\n    function userDoc() {\n      return get(/databases/$(database)/documents/admins/$(request.auth.uid));\n    }\n\n    function userExists() {\n      return isSignedIn() &&\n        exists(/databases/$(database)/documents/admins/$(request.auth.uid));\n    }\n\n    function isSuspended() {\n      return userExists() &&\n        userDoc().data.isSuspended == true;\n    }\n\n    function getRole() {\n      return userExists() ? userDoc().data.role : null;\n    }\n\n    function isSuperAdmin() {\n      return isSignedIn() &&\n        userExists() &&\n        !isSuspended() &&\n        getRole() == \"super_admin\";\n    }\n\n    function isAdmin() {\n      return isSignedIn() &&\n        userExists() &&\n        !isSuspended() &&\n        getRole() == \"admin\";\n    }\n\n    function isAdminOrSuperAdmin() {\n      return isAdmin() || isSuperAdmin();\n    }\n\n    // =====================================================\n    // PRODUCTS\n    // =====================================================\n\n    match /products/{productId} {\n      allow read: if true;\n      allow list: if true;\n      allow create, update, delete: if isAdminOrSuperAdmin();\n    }\n\n    // =====================================================\n    // CATEGORIES\n    // =====================================================\n\n    match /categories/{categoryId} {\n      allow read: if true;\n      allow list: if true;\n      allow create, update, delete: if isAdminOrSuperAdmin();\n    }\n\n    // =====================================================\n    // ORDERS\n    //   FIX: Added allow list for getDocs queries (e.g. notify-order API)\n    // =====================================================\n\n    match /orders/{orderId} {\n      allow create: if true;\n      allow read: if isAdminOrSuperAdmin() || (\n        request.query.trackingToken != null &&\n        resource.data.trackingToken == request.query.trackingToken\n      );\n      allow list: if isAdminOrSuperAdmin() || (\n        request.query.trackingToken != null\n      );\n      allow update, delete: if isAdminOrSuperAdmin();\n    }\n\n    // =====================================================\n    // HERO SLIDES\n    // =====================================================\n\n    match /hero_slides/{slideId} {\n      allow read: if true;\n      allow list: if true;\n      allow create, update, delete: if isAdminOrSuperAdmin();\n    }\n\n    // =====================================================\n    // FAQS\n    // =====================================================\n\n    match /faqs/{faqId} {\n      allow read: if true;\n      allow list: if true;\n      allow create, update, delete: if isAdminOrSuperAdmin();\n    }\n\n    // =====================================================\n    // REVIEWS\n    // =====================================================\n\n    match /reviews/{reviewId} {\n      allow read: if true;\n      allow list: if true;\n      allow create, update, delete: if isAdminOrSuperAdmin();\n    }\n\n    // =====================================================\n    // SECTION CONFIG (homepage section settings)\n    // =====================================================\n\n    match /section_config/{docId} {\n      allow read: if true;\n      allow list: if true;\n      allow create, update, delete: if isAdminOrSuperAdmin();\n    }\n\n    // =====================================================\n    // CAMPAIGNS (offer campaigns & promotions)\n    //   FIX: Added allow list for getDocs queries (loyalty service, offers page)\n    //   Public list allows querying, app-level filtering handles active/expired\n    // =====================================================\n\n    match /campaigns/{campaignId} {\n      // Public single-doc read: only active campaigns\n      allow read: if resource.data.isActive == true;\n      // Public query (list): allows getDocs for filtering at app level\n      allow list: if true;\n      // Admin can read all (including inactive/expired)\n      allow read: if isAdminOrSuperAdmin();\n      allow list: if isAdminOrSuperAdmin();\n      // Only admins can create/update/delete\n      allow create, update, delete: if isAdminOrSuperAdmin();\n    }\n\n    // =====================================================\n    // SETTINGS\n    // =====================================================\n\n    match /settings/{settingId} {\n      allow read: if true;\n      allow list: if true;\n      allow create, update, delete: if isAdminOrSuperAdmin();\n    }\n\n    // =====================================================\n    // ADMIN MANAGEMENT\n    // =====================================================\n\n    match /admins/{adminId} {\n      // Any signed-in user reads their OWN doc (for role check on login)\n      allow read: if isSignedIn() && request.auth.uid == adminId;\n      // Super admin can read/list/write all admin docs\n      allow read, list: if isSuperAdmin();\n      allow create, update, delete: if isSuperAdmin();\n    }\n\n    // =====================================================\n    // ANALYTICS\n    //   Public can CREATE (tracking). Admin can do everything.\n    // =====================================================\n\n    match /visitor_sessions/{docId} {\n      allow create: if true;\n      allow read, list, update, delete: if isAdminOrSuperAdmin();\n    }\n\n    match /page_views/{docId} {\n      allow create: if true;\n      allow read, list, update, delete: if isAdminOrSuperAdmin();\n    }\n\n    match /product_views/{docId} {\n      allow create: if true;\n      allow read, list, update, delete: if isAdminOrSuperAdmin();\n    }\n\n    match /analytics_daily/{docId} {\n      allow create, update: if true;\n      allow read, list, delete: if isAdminOrSuperAdmin();\n    }\n\n    match /analytics_monthly/{docId} {\n      allow create, update: if true;\n      allow read, list, delete: if isAdminOrSuperAdmin();\n    }\n\n    // =====================================================\n    // CUSTOMERS (loyalty profiles)\n    //   FIX: Added allow list for getDocs queries (findCustomerByEmailPhone)\n    //   Public list + create — queries are filtered by email+phone at app level\n    // =====================================================\n\n    match /customers/{customerId} {\n      allow read: if true;\n      allow list: if true;\n      allow create: if true;\n      allow update, delete: if isAdminOrSuperAdmin();\n    }\n\n    // =====================================================\n    // CUSTOMER REWARDS (loyalty reward records)\n    //   FIX: Added allow list for getDocs queries (getAvailableRewards, hasRewardForCampaign, validateRewardForCustomer)\n    //   Public list + create — queries filtered by customerKey/couponCode at app level\n    // =====================================================\n\n    match /customer_rewards/{rewardId} {\n      allow read: if true;\n      allow list: if true;\n      allow create: if true;\n      allow update, delete: if isAdminOrSuperAdmin();\n    }\n\n    // =====================================================\n    // TRUST BAR (footer trust indicators)\n    // =====================================================\n\n    match /trust_bar/{docId} {\n      allow read: if true;\n      allow list: if true;\n      allow create, update, delete: if isAdminOrSuperAdmin();\n    }\n\n    // =====================================================\n    // FOOTER CONFIG\n    // =====================================================\n\n    match /footer_config/{docId} {\n      allow read: if true;\n      allow list: if true;\n      allow create, update, delete: if isAdminOrSuperAdmin();\n    }\n\n    // =====================================================\n    // CONTENT PAGES\n    // =====================================================\n\n    match /content/{docId} {\n      allow read: if true;\n      allow list: if true;\n      allow create, update, delete: if isAdminOrSuperAdmin();\n    }\n\n    // =====================================================\n    // FLASH SALE\n    // =====================================================\n\n    match /flash_sale/{docId} {\n      allow read: if true;\n      allow list: if true;\n      allow create, update, delete: if isAdminOrSuperAdmin();\n    }\n\n    // =====================================================\n    // WHY CHOOSE US\n    // =====================================================\n\n    match /why_choose_us/{docId} {\n      allow read: if true;\n      allow list: if true;\n      allow create, update, delete: if isAdminOrSuperAdmin();\n    }\n\n    // =====================================================\n    // NEWSLETTER\n    // =====================================================\n\n    match /newsletter/{docId} {\n      allow read: if true;\n      allow list: if true;\n      allow create: if true;\n      allow update, delete: if isAdminOrSuperAdmin();\n    }\n\n    // =====================================================\n    // UGC GALLERY\n    // =====================================================\n\n    match /ugc_gallery/{docId} {\n      allow read: if true;\n      allow list: if true;\n      allow create: if true;\n      allow update, delete: if isAdminOrSuperAdmin();\n    }\n\n    // =====================================================\n    // DEFAULT DENY — catch all for unlisted collections\n    // =====================================================\n\n    match /{document=**} {\n      allow read, write: if false;\n    }\n  }\n}","name":"firestore.rules"}]},"createTime":"2026-06-18T22:11:09.825759Z","metadata":{"services":["cloud.firestore"]}}
[debug] [2026-06-18T22:11:09.620Z] [rules] created ruleset projects/amar-churighor/rulesets/0132e6d2-e4d9-41f1-a493-1177ec1a4885
[debug] [2026-06-18T22:11:09.622Z] [rules] releasing cloud.firestore with ruleset projects/amar-churighor/rulesets/0132e6d2-e4d9-41f1-a493-1177ec1a4885
[debug] [2026-06-18T22:11:09.624Z] Checked if tokens are valid: true, expires at: 1781824260133
[debug] [2026-06-18T22:11:09.624Z] Checked if tokens are valid: true, expires at: 1781824260133
[debug] [2026-06-18T22:11:09.625Z] >>> [apiv2][query] PATCH https://firebaserules.googleapis.com/v1/projects/amar-churighor/releases/cloud.firestore [none]
[debug] [2026-06-18T22:11:09.625Z] >>> [apiv2][body] PATCH https://firebaserules.googleapis.com/v1/projects/amar-churighor/releases/cloud.firestore {"release":{"name":"projects/amar-churighor/releases/cloud.firestore","rulesetName":"projects/amar-churighor/rulesets/0132e6d2-e4d9-41f1-a493-1177ec1a4885"}}
[debug] [2026-06-18T22:11:10.107Z] <<< [apiv2][status] PATCH https://firebaserules.googleapis.com/v1/projects/amar-churighor/releases/cloud.firestore 200
[debug] [2026-06-18T22:11:10.108Z] <<< [apiv2][body] PATCH https://firebaserules.googleapis.com/v1/projects/amar-churighor/releases/cloud.firestore {"name":"projects/amar-churighor/releases/cloud.firestore","rulesetName":"projects/amar-churighor/rulesets/0132e6d2-e4d9-41f1-a493-1177ec1a4885","createTime":"2026-04-16T06:06:53.419068Z","updateTime":"2026-06-18T22:11:10.321724Z"}
[debug] [2026-06-18T22:11:10.108Z] [rules] updated release projects/amar-churighor/releases/cloud.firestore
[info] +  firestore: released rules firestore.rules to cloud.firestore 
[info] 
[info] +  Deploy complete! 
[info] 
[info] Project Console: https://console.firebase.google.com/project/amar-churighor/overview
